request_id,confirmed,client_id,nation,arrival_date,departure_date,num_of_adults,num_of_children,price,currency_id,adwords,source_id,sub_id
806181796,0,123420484,Germany,2016-12-26,2017-01-02,2.0,,,,0,99.0,0
38700156,0,839911394,Chile,2012-10-17,2012-10-24,2.0,,,,0,29.0,17
992039421,0,62928855,United Kingdom,2016-05-15,2016-05-18,5.0,,,,0,1.0,0
625114613,0,374952733,Argentina,2018-03-17,2018-03-17,2.0,,,,0,94.0,8
647445179,0,600861297,Chile,2013-01-13,2013-01-13,,,,,0,5.0,0
651505789,1,17575922,United States,2013-05-06,2013-05-21,2.0,,81.0,2.0,0,56.0,0
610857875,0,954751296,Uganda,,,,,,,0,29.0,17
485853734,1,693867053,United Kingdom,2015-11-06,2015-11-14,1.0,,10.0,2.0,0,1.0,0
439966368,0,427595422,India,2017-03-15,2017-03-31,2.0,1.0,,,0,65.0,8
251981953,0,325977010,Peru,2013-02-16,2013-02-16,,,,,0,5.0,0
773723528,0,853801807,Peru,2017-04-04,2017-04-04,2.0,,,,1,1.0,39
326623461,0,475937852,Czech Republic,2017-08-20,2017-08-27,2.0,,,,0,2.0,17
383223771,0,240865797,Mexico,2016-12-19,2016-12-30,2.0,,,,0,1.0,17
199291984,0,349274427,United States,2017-05-27,2017-05-27,2.0,,,,1,2.0,39
882544938,0,1757973,Russia,2013-03-17,2013-03-24,,,,,0,6.0,0
407721872,0,204444311,Canada,2013-11-01,2013-11-30,3.0,1.0,,,0,1.0,8
11161246,0,660010933,Portugal,2013-06-02,2013-06-02,2.0,,,,0,56.0,0
343283097,0,53198591,France,2014-12-31,2014-12-31,,,,,0,87.0,0
945335122,1,759070877,France,2010-11-02,2010-11-02,5.0,2.0,68.0,1.0,0,4.0,16
762353675,1,305892179,Lesotho,2012-07-28,2012-07-28,1.0,,97.0,2.0,0,29.0,17
629013546,1,611970085,Brazil,2018-04-28,2018-05-10,2.0,,84.0,2.0,0,105.0,17
355485917,0,333083127,Germany,2012-06-25,2012-06-25,2.0,,,,0,7.0,0
743063686,0,35966647,United States,2016-10-25,2016-10-30,6.0,,,,1,74.0,39
755060869,0,890116044,United States,2013-04-03,2013-04-03,1.0,,,,0,1.0,8
630754652,0,303827058,United States,2017-12-27,2017-12-27,2.0,,,,0,145.0,141
75217182,0,500544381,United States,2017-08-16,2017-08-23,2.0,,,,0,29.0,0
749874605,0,499148132,Kenya,2017-02-01,2017-02-01,1.0,,,,0,29.0,0
636408441,1,530358996,Philippines,2017-04-08,2017-04-15,1.0,,75.0,2.0,0,66.0,17
144322648,1,192034699,France,2017-08-25,2017-08-25,2.0,1.0,57.0,1.0,1,87.0,39
424779327,0,831621314,Germany,2016-01-23,2016-01-30,,,,,0,93.0,17
599449942,0,611056533,United Kingdom,2017-06-24,2017-06-24,1.0,,,,0,1.0,16
493083831,0,580828203,Italy,2013-12-22,2013-12-22,4.0,,,,1,6.0,39
393091553,0,562245474,Belgium,2013-03-29,2013-03-29,4.0,,,,0,56.0,0
120092601,1,434606016,Germany,2012-06-11,2012-06-11,6.0,,71.0,1.0,0,7.0,0
371783426,1,956751883,France,2016-10-07,2016-10-10,3.0,,59.0,1.0,0,87.0,17
607397389,1,829201876,Spain,2011-04-18,2011-04-21,2.0,2.0,78.0,1.0,0,5.0,0
673082537,1,808394643,Italy,2016-01-14,2016-01-14,2.0,,12.0,1.0,0,77.0,17
630097900,0,534864212,United States,2017-01-01,2017-01-01,3.0,1.0,,,0,29.0,0
305039727,1,653158843,United States,2016-04-19,2016-04-30,2.0,2.0,72.0,4.0,0,2.0,0
113470359,0,623811355,Saudi Arabia,2014-10-28,2014-10-28,,,,,0,127.0,8
584646592,1,530609166,Uganda,2017-04-14,2017-04-21,2.0,,19.0,2.0,0,73.0,17
55633611,0,753164205,United States,2017-03-06,2017-03-07,1.0,,,,0,1.0,0
13627257,0,201315775,Italy,2012-12-29,2012-12-01,1.0,2.0,,,0,29.0,17
827599492,0,607025455,Brazil,2017-03-05,2017-03-05,2.0,,,,0,75.0,16
165509181,0,880942278,Spain,2017-07-09,2017-07-09,2.0,,,,0,89.0,17
575938743,0,505514174,United States,2016-12-21,2016-12-27,,,,,0,65.0,8
899418575,0,583708263,Australia,2013-09-02,2013-09-16,1.0,,,,0,1.0,0
312627282,0,973136410,India,2016-10-18,2016-10-18,,,,,0,65.0,0
914463399,0,503060002,Argentina,2017-01-19,2017-01-19,,,,,1,94.0,39
820688571,0,507300029,United States,2016-12-24,2016-12-31,,,,,1,66.0,39
629775157,1,501674213,United States,2016-10-12,2016-10-12,2.0,1.0,85.0,2.0,0,1.0,0
603530315,0,39776793,Brazil,2017-10-24,2017-10-31,2.0,,,,0,105.0,8
775604264,1,725204092,United Kingdom,2016-11-27,2016-11-27,2.0,,74.0,4.0,0,65.0,17
452473856,0,205276733,Australia,2017-04-01,2017-04-01,2.0,,,,0,66.0,17
369598764,1,153722067,Japan,2015-07-08,2015-07-09,1.0,,5.0,2.0,0,41.0,30
704635306,1,356928060,United States,2012-09-22,2012-09-22,1.0,,55.0,2.0,0,29.0,17
877227916,0,761284444,United States,2016-06-17,2016-06-17,222.0,106.0,,,0,1.0,0
520254757,0,880875914,Australia,2017-10-07,2017-10-18,2.0,,,,1,1.0,39
378173476,1,927845605,Egypt,2012-08-31,2012-09-03,3.0,1.0,6.0,3.0,0,41.0,40
630318468,0,712175965,United States,2017-02-17,2017-02-25,1.0,,,,0,1.0,0
319374889,0,59066144,Argentina,2016-09-09,2016-09-09,,,,,0,90.0,17
55959500,0,255960080,France,2015-07-18,2015-07-18,1.0,,,,0,87.0,17
989150027,0,616794097,Italy,2012-12-28,2012-12-28,,,,,0,6.0,0
71672941,0,888669697,Brazil,2016-06-09,2016-06-09,,,,,0,101.0,8
675094174,1,925485630,Argentina,2017-09-14,2017-09-23,4.0,,78.0,2.0,0,93.0,8
780484465,0,997427884,United States,2012-09-23,2012-09-23,4.0,,,,0,29.0,17
328152445,1,619462845,United Kingdom,2010-09-10,2010-09-10,4.0,0.0,14.0,2.0,0,1.0,17
965938511,0,279467730,Italy,2017-08-08,2017-08-19,2.0,2.0,,,1,81.0,39
539143917,0,873338445,Argentina,2015-06-26,2015-06-26,,,,,0,90.0,16
739991236,0,569999972,United Kingdom,2015-09-15,2015-09-15,2.0,,,,0,2.0,0
165872196,1,311745343,Switzerland,2014-11-02,2014-11-17,8.0,,58.0,2.0,0,1.0,15
251483020,0,547210985,United States,2014-07-03,2014-07-17,,,,,0,29.0,0
881462613,0,189579590,United Kingdom,2017-04-12,2017-04-13,4.0,,,,0,1.0,15
407988270,0,518863002,India,2015-12-30,2015-12-30,3.0,,,,0,65.0,17
658921207,1,699889954,Australia,2013-08-07,2013-08-10,2.0,,34.0,2.0,0,1.0,0
984830665,1,759527613,Italy,2013-08-12,2013-08-14,2.0,,15.0,1.0,0,6.0,0
680129600,1,899388625,Germany,2012-04-05,2012-04-16,2.0,2.0,65.0,1.0,0,47.0,16
92297888,0,264846628,France,2015-12-16,2015-12-20,4.0,1.0,,,0,87.0,17
267640915,0,425416096,Brazil,2017-10-19,2017-12-20,1.0,,,,1,101.0,39
387529261,0,983708235,Mexico,2016-12-15,2016-12-15,,,,,0,91.0,17
146743087,0,707870393,United Kingdom,2014-12-27,2014-12-27,2.0,,,,0,1.0,0
20043940,1,120130367,Brazil,2012-12-19,2013-01-09,2.0,,22.0,2.0,0,1.0,0
327665216,0,897116598,Chile,2013-01-31,2013-02-11,,,,,0,5.0,8
543016956,0,676209802,United Kingdom,2015-02-28,2015-03-07,,,,,0,1.0,0
985916650,0,10596753,United Kingdom,2015-09-04,2015-09-04,2.0,,,,1,2.0,39
446107373,0,199523633,United States,2013-03-21,2013-04-01,,,,,0,1.0,8
366240916,0,939564040,United States,,,2.0,,,,0,,0
444685311,0,490639028,India,2016-09-07,2016-09-10,2.0,,,,0,1.0,0
409215605,0,172740880,United States,2017-04-15,2017-04-15,2.0,,,,0,65.0,0
916901103,1,688366003,Germany,2012-03-21,2012-03-24,2.0,,3.0,2.0,0,9.0,16
889118416,1,329052728,United States,2014-12-21,2014-12-23,2.0,,71.0,2.0,0,29.0,26
366566003,1,969119181,United States,2015-06-06,2015-06-12,2.0,,55.0,2.0,0,1.0,8
505031341,0,463497346,Italy,2013-02-17,2013-02-17,2.0,2.0,,,1,6.0,39
698930463,0,611510749,Italy,2017-12-26,2017-12-26,2.0,,,,0,81.0,15
432441691,0,844633146,Brazil,2016-10-21,2016-10-26,2.0,,,,0,,15
640327263,0,560642181,United States,2014-05-28,2014-05-28,2.0,,,,0,12.0,0
436008379,1,60722552,Sweden,2017-07-10,2017-07-18,1.0,,59.0,2.0,0,2.0,17
655655979,1,689682639,United States,2017-02-20,2017-02-20,2.0,,49.0,2.0,0,1.0,0
845904587,1,551639159,Mexico,2017-08-04,2017-08-21,2.0,,44.0,2.0,0,93.0,17
426143880,0,117529862,United States,2012-04-17,2012-04-17,4.0,,,,0,1.0,8
925463903,1,450980650,Australia,2011-01-10,2011-01-13,2.0,1.0,56.0,2.0,0,1.0,0
512221179,0,653623677,Kenya,2017-08-20,2017-09-02,2.0,,,,0,29.0,0
860417033,0,425003261,Brazil,2020-08-08,2020-08-22,2.0,,,,1,105.0,39
289741016,1,535704116,United States,2011-06-22,2011-06-25,2.0,,69.0,2.0,0,1.0,0
882382742,0,741065666,Canada,2017-04-30,2017-05-14,2.0,,,,1,87.0,39
357844979,1,262589873,Brazil,2016-10-26,2016-10-26,2.0,,45.0,2.0,1,101.0,39
810372449,1,844769050,United States,2017-07-13,2017-07-21,2.0,,92.0,2.0,0,1.0,0
35217559,0,93110994,Thailand,2017-12-05,2017-12-05,3.0,,,,0,1.0,0
971515119,1,222057323,Spain,2014-10-18,2014-10-25,2.0,,94.0,2.0,0,93.0,17
293925623,0,71496657,Canada,2017-08-09,2017-08-19,2.0,,,,0,225.0,15
610249531,1,651827393,Canada,2014-06-19,2014-06-30,2.0,,56.0,2.0,0,94.0,8
203627496,0,308094517,Australia,2016-01-09,2016-01-20,3.0,,,,0,1.0,0
725969441,0,31327878,India,2015-11-21,2015-11-28,,,,,1,66.0,39
593114140,0,877835128,Spain,2014-08-20,2014-08-20,3.0,,,,0,93.0,8
192149647,1,79879795,Germany,2012-11-24,2012-11-24,2.0,,49.0,1.0,0,1.0,16
379146588,0,771069044,Switzerland,2017-02-10,2017-02-10,2.0,,46.0,2.0,0,65.0,17
904275095,0,717090103,Germany,2017-03-11,2017-03-18,1.0,,,,0,99.0,17
1350906,0,176273347,Malaysia,2016-12-29,2017-01-02,2.0,,,,0,65.0,0
998190791,1,18905511,Egypt,2015-07-29,2015-08-08,1.0,,99.0,3.0,0,41.0,16
845673847,0,781417760,Italy,2014-12-28,2014-12-28,,,,,0,81.0,17
57157831,0,631440517,Germany,2013-04-15,2013-04-15,2.0,,,,0,7.0,0
182505674,0,511113840,United Kingdom,2017-09-25,2017-09-29,2.0,,,,0,2.0,17
66335555,0,660015238,Colombia,2017-01-02,2017-01-12,22.0,,,,0,94.0,17
115462984,0,938354961,Canada,2013-04-05,2013-04-08,,,,,0,1.0,0
253178015,0,212099395,Argentina,2017-07-01,2017-07-31,2.0,,,,0,93.0,8
288099237,0,373232943,South Africa,2013-07-01,2013-07-08,2.0,2.0,,,0,29.0,17
595685281,0,806324719,Argentina,2017-08-08,2017-08-16,2.0,,,,1,90.0,39
946682526,0,526147361,United States,2014-09-20,2014-09-20,2.0,,,,0,1.0,8
457886551,0,879433005,Egypt,2016-01-20,2016-01-26,2.0,,,,0,1.0,0
180821195,0,876344330,Brazil,2015-03-13,2015-03-13,,,,,1,105.0,39
851878695,0,255149248,Canada,2017-09-10,2017-09-15,2.0,,,,0,1.0,17
654478767,0,914144053,Argentina,2015-04-16,2015-04-16,,,,,0,93.0,17
171802435,0,410706829,Colombia,2015-12-28,2015-12-28,,,,,0,93.0,17
800538219,1,603969612,United States,2013-04-07,2013-04-09,2.0,,14.0,2.0,0,1.0,0
910086305,0,826971467,United States,2012-10-31,2012-10-31,,,,,0,1.0,0
895562178,0,147906043,Italy,2014-08-20,2014-08-20,,,,,0,81.0,8
964897739,0,380978227,United States,2013-11-02,2013-11-09,,,,,0,29.0,0
809175764,0,555290194,South Africa,2015-08-20,2015-08-20,,,,,0,1.0,0
433804651,0,658442861,Brazil,2017-02-13,2017-02-20,2.0,,,,1,105.0,39
854801265,0,858520368,India,2013-10-13,2013-10-17,3.0,,,,0,1.0,0
628206352,1,701776582,India,2013-02-13,2013-02-13,3.0,,90.0,2.0,0,1.0,0
493149695,1,196035721,United States,2014-03-31,2014-04-11,4.0,4.0,58.0,2.0,0,29.0,26
772000852,0,305606214,Argentina,,,,,,,0,,0
67371413,0,534932224,United States,2018-08-01,2018-08-01,2.0,,,,1,1.0,39
37729259,1,499138073,Costa Rica,2018-01-02,2018-01-11,4.0,,79.0,2.0,1,93.0,39
490468383,0,802579132,United States,2013-12-28,2013-12-28,,,,,0,1.0,0
249490787,0,557036574,United States,2013-06-17,2013-06-28,3.0,,,,0,29.0,17
978458399,0,338248935,Italy,2017-08-12,2017-08-12,2.0,,,,0,81.0,15
997530813,1,623239916,Switzerland,2013-02-28,2013-02-28,2.0,,17.0,1.0,0,7.0,0
393580923,0,282085573,Mexico,2017-12-26,2017-12-31,2.0,,,,0,89.0,17
35663573,0,352001910,Spain,2017-04-20,2017-04-20,2.0,,,,0,1.0,0
746183743,0,89142366,New Zealand,2015-04-03,2015-04-08,3.0,,,,0,1.0,0
834545308,0,989630183,Colombia,2016-05-20,2016-05-29,6.0,,,,0,93.0,8
891890205,0,405596825,Germany,2013-10-04,2013-10-18,,,,,0,7.0,0
518169630,0,347826711,Brazil,2016-06-27,2016-07-01,2.0,,,,0,2.0,17
226910654,1,842970207,Brazil,2016-03-19,2016-03-27,4.0,,52.0,2.0,0,133.0,8
506631406,1,795555197,Canada,2017-10-05,2017-10-05,1.0,,38.0,2.0,0,1.0,17
729553064,0,895994713,India,2013-01-02,2013-01-05,5.0,2.0,,,0,29.0,17
635717480,1,372570044,United States,2013-01-20,2013-01-20,2.0,,50.0,2.0,0,1.0,0
326362542,1,904921441,Switzerland,2011-10-10,2011-10-10,2.0,2.0,57.0,1.0,0,4.0,17
315477237,1,800966741,Spain,2015-04-25,2015-05-06,2.0,,46.0,1.0,0,93.0,15
903611777,1,702753432,Trinidad and Tobago,2014-08-23,2014-08-23,1.0,,19.0,2.0,0,1.0,0
287332439,0,179634347,India,2013-11-01,2013-11-15,2.0,,,,0,1.0,8
15866812,1,567766872,India,2015-09-26,2015-10-05,2.0,,40.0,2.0,0,1.0,8
399195906,1,597675484,Japan,2017-10-21,2017-10-30,2.0,,71.0,1.0,0,133.0,16
441331956,0,247833002,Afghanistan,,,,,,,0,,0
676496148,0,406891731,Brazil,2018-01-08,2018-01-15,2.0,2.0,,,1,101.0,39
994855703,1,301836992,United States,2011-04-10,2011-04-10,,,16.0,2.0,0,29.0,17
578873957,1,290307445,Egypt,2016-11-20,2016-11-27,2.0,,50.0,3.0,0,41.0,26
120560338,0,405145005,United States,2013-06-28,2013-06-28,,,,,0,1.0,8
472873499,1,453281458,India,2013-02-16,2013-02-17,7.0,,88.0,4.0,0,1.0,0
429543544,0,338101602,India,2012-09-28,2012-10-05,2.0,,,,0,1.0,8
113859327,1,285325869,United States,2017-11-01,2017-11-10,1.0,,19.0,2.0,0,1.0,0
881938393,1,302687,India,2015-04-06,2015-04-09,3.0,,27.0,2.0,0,1.0,0
714722128,1,862376687,Italy,2013-12-14,2013-12-14,1.0,,41.0,1.0,0,6.0,0
962607046,0,772152881,Australia,2014-10-04,2014-10-13,,,,,0,29.0,0
763508922,0,573272344,France,2017-01-02,2017-01-02,2.0,,,,0,88.0,17
834382612,1,305740760,United States,2015-11-23,2015-11-26,2.0,3.0,94.0,2.0,0,1.0,0
285787815,0,547146453,Brazil,2017-04-28,2017-04-28,4.0,,,,0,101.0,8
788974504,1,416540449,India,2015-08-26,2015-08-26,1.0,,34.0,2.0,1,2.0,39
764910462,1,12108522,Italy,2012-12-30,2013-01-04,2.0,,54.0,1.0,0,6.0,8
595927127,0,620483506,Brazil,2016-02-01,2016-02-01,,,,,0,105.0,8
233666557,0,484957408,Canada,2014-09-08,2014-09-08,2.0,,,,0,1.0,0
935864362,0,510029191,Ecuador,2015-05-14,2015-05-20,4.0,,,,0,93.0,17
714300956,0,187366934,Australia,2017-02-15,2017-02-26,,,,,0,1.0,0
129430034,0,226294579,Mauritius,2013-02-02,2013-02-02,25.0,,,,0,29.0,8
856158148,0,785318268,Brazil,2018-02-01,2018-02-08,4.0,,,,1,101.0,39
322761907,0,369286318,Colombia,2017-09-23,2017-09-26,3.0,,,,1,89.0,39
269038880,0,137803941,Brazil,2016-01-12,2016-01-12,2.0,,,,0,59.0,0
451219638,0,106914802,United States,2013-11-28,2013-12-04,2.0,,,,0,1.0,0
969670536,0,797284522,United States,2017-10-20,2017-10-24,3.0,3.0,,,0,29.0,0
856564855,0,167021268,India,2015-09-26,2015-09-26,2.0,,,,1,1.0,39
45043904,1,65666059,Egypt,2015-11-08,2015-11-11,2.0,,63.0,2.0,0,41.0,30
153709254,0,73173699,Brazil,2015-03-10,2015-03-10,2.0,,,,0,105.0,17
246432181,0,402098326,Brazil,2015-01-26,2015-01-26,,,,,1,105.0,39
576503366,0,64806782,Saudi Arabia,2014-09-01,2014-09-01,,,,,0,127.0,17
84962308,0,739904722,United States,2017-07-23,2017-07-30,4.0,,,,1,217.0,39
151845404,1,825570968,United States,2017-10-13,2017-10-14,2.0,,7.0,2.0,0,1.0,17
925565496,1,413493910,Argentina,2015-02-06,2015-02-22,4.0,,69.0,2.0,0,93.0,16
891339615,0,521643751,United States,2015-10-10,2015-10-10,,,,,0,1.0,0
848025291,1,963650833,Germany,2013-02-17,2013-02-17,4.0,,32.0,1.0,0,7.0,16
101721123,0,913230583,Germany,2013-03-27,2013-04-02,3.0,1.0,,,0,1.0,0
169544664,0,527853497,Germany,2017-10-26,2017-10-30,2.0,3.0,,,1,99.0,39
215559901,1,136551153,Egypt,2016-03-14,2016-03-19,2.0,,92.0,2.0,0,41.0,30
291846410,0,483063843,Ireland,2010-05-29,2010-06-01,,,,,0,1.0,8
113329702,0,876695497,India,2012-12-22,2012-12-22,2.0,,,,0,29.0,17
593604217,0,593183379,Egypt,2015-07-26,2015-07-28,,,,,0,57.0,40
161307685,0,355557273,United States,2016-07-04,2016-07-04,3.0,1.0,,,0,74.0,17
390827841,0,323433763,United States,,,,,,,0,1.0,0
436294057,0,32766447,India,2014-11-21,2014-11-28,2.0,,,,1,2.0,39
785843874,1,283974446,United States,2012-11-08,2012-11-08,2.0,,47.0,2.0,0,1.0,0
223022994,0,325990734,Italy,2017-08-13,2017-08-13,2.0,,,,1,81.0,39
407475935,1,511116008,Italy,2012-04-05,2012-04-05,4.0,,28.0,1.0,0,6.0,0
285262354,0,268412378,South Africa,2015-07-14,2015-07-14,,,,,1,1.0,39
382176953,0,516922955,India,2014-11-30,2014-11-30,3.0,,,,0,75.0,0
868447952,1,786638367,Colombia,2013-06-12,2013-06-16,2.0,,73.0,2.0,0,29.0,0
774352195,0,614317680,Italy,2012-12-26,2012-12-26,,,,,0,6.0,0
820440232,0,628237710,United States,2013-06-05,2013-06-06,3.0,,,,0,56.0,17
299696412,1,239207539,Spain,2011-08-18,2011-08-20,2.0,,31.0,1.0,0,23.0,40
842370655,0,424769174,Egypt,2015-12-28,2015-12-28,,,,,0,1.0,0
264047701,0,757807277,Brazil,2017-11-25,2017-12-02,2.0,,,,1,105.0,39
917620880,1,891236985,Argentina,2015-08-12,2015-08-16,2.0,,11.0,2.0,0,93.0,8
997890793,0,42434538,Saudi Arabia,2017-07-09,2017-07-16,1.0,0.0,,,1,197.0,39
182765030,1,968358987,Swaziland,2011-02-19,2011-02-26,5.0,,75.0,2.0,0,29.0,17
799743623,0,940370271,United States,2014-10-18,2014-10-18,10.0,,,,0,66.0,0
225134847,0,827466514,United States,2015-11-06,2015-11-06,,,,,1,65.0,39
357783429,0,862595617,United States,2017-11-04,2017-11-04,2.0,,,,0,12.0,0
299575997,0,941633488,Peru,2015-08-03,2015-08-07,,,,,1,93.0,39
817936308,0,428455284,Italy,2016-12-17,2016-12-18,2.0,1.0,,,0,81.0,15
43308937,1,705249596,Egypt,2014-08-25,2014-08-25,5.0,,63.0,3.0,0,23.0,26
124333381,1,831307445,Australia,2013-04-05,2013-04-14,2.0,,27.0,2.0,0,1.0,0
259247418,0,7291210,India,2016-05-01,2016-05-08,4.0,,,,0,65.0,8
63394883,1,742031427,Germany,2012-04-11,2012-04-11,6.0,2.0,68.0,1.0,0,7.0,0
452422106,1,437612481,Argentina,2017-09-15,2017-10-02,5.0,,24.0,2.0,0,93.0,17
405310311,1,123455941,Italy,2012-02-04,2012-02-11,2.0,,38.0,1.0,0,6.0,0
206395596,0,190209615,Brazil,2016-10-08,2016-10-10,1.0,,,,0,105.0,17
713128851,0,758651090,France,2017-06-27,2017-07-01,2.0,,,,1,87.0,39
10044943,1,444266872,United States,2018-02-03,2018-02-03,2.0,,32.0,2.0,0,29.0,0
656097218,0,308986521,United Kingdom,2016-11-09,2016-11-09,2.0,,,,1,2.0,39
625824600,1,335396009,Colombia,2017-03-12,2017-03-13,2.0,,66.0,2.0,0,93.0,8
464613782,1,946948100,United States,2010-10-18,2010-10-18,2.0,,46.0,2.0,0,1.0,0
858168688,1,998217548,France,2011-03-04,2011-03-04,6.0,1.0,82.0,1.0,0,4.0,17
119588267,0,698627631,United States,2016-07-10,2016-07-10,,,,,1,66.0,39
263028368,0,125351641,United States,2017-02-06,2017-02-14,2.0,,,,0,1.0,0
431591294,0,16474160,United States,2016-02-15,2016-02-19,2.0,,,,0,145.0,141
217480111,1,491182540,United Kingdom,2017-01-30,2017-02-02,2.0,,5.0,4.0,0,2.0,0
606911845,0,430488678,Philippines,2013-09-30,2013-09-30,,,,,0,29.0,0
81095534,0,193305825,India,2017-10-27,2017-10-29,2.0,,,,0,29.0,0
215137593,0,566736771,India,2014-12-24,2014-12-29,,,,,0,1.0,0
189237385,0,281357942,Brazil,2017-06-05,2017-06-16,1.0,,,,1,105.0,39
988777072,1,274272535,United Kingdom,2017-09-10,2017-09-10,2.0,,43.0,4.0,0,1.0,8
366700704,1,449858808,Colombia,2012-12-17,2012-12-24,4.0,,20.0,2.0,0,5.0,17
345940171,1,485709027,Argentina,2015-12-31,2016-01-06,6.0,,49.0,2.0,0,93.0,17
338844643,0,861167949,Singapore,2012-12-16,2012-12-16,2.0,,,,0,29.0,17
725990932,0,329628732,Canada,2017-01-08,2017-01-21,2.0,,,,0,2.0,0
91246637,0,31882018,India,2016-12-24,2017-01-02,4.0,2.0,,,0,1.0,0
428253502,1,834158325,United States,2015-03-16,2015-03-26,4.0,,88.0,2.0,0,1.0,0
55184664,0,612765963,Canada,2017-05-01,2017-05-07,2.0,,,,0,74.0,0
58596139,0,215116515,Argentina,2017-03-12,2017-03-26,2.0,1.0,,,1,94.0,39
626481734,1,711935440,Australia,2013-11-27,2013-11-30,1.0,,58.0,2.0,0,1.0,0
261749565,0,669434661,Italy,2017-07-19,2017-07-23,3.0,,,,0,81.0,17
741653116,0,209047043,Brazil,2017-09-03,2017-09-10,2.0,,,,1,102.0,39
334809175,0,163876052,Egypt,2016-03-20,2015-04-03,,,,,0,99.0,17
411717071,0,648476256,Uruguay,2016-03-24,2016-04-01,4.0,,,,1,94.0,39
822147755,1,617152194,Italy,2013-03-11,2013-03-18,2.0,,87.0,1.0,0,6.0,0
411081923,0,524349174,Trinidad and Tobago,2017-04-17,2017-04-20,1.0,,,,0,65.0,17
378898955,0,547510707,United Kingdom,2013-11-01,2013-11-30,2.0,,,,1,2.0,39
692759233,0,55509861,Netherlands,2012-10-02,2012-10-02,,,,,0,29.0,17
39809032,1,587621045,Greece,2012-04-15,2012-04-16,4.0,,71.0,2.0,0,1.0,0
569460706,1,95943159,New Zealand,2011-07-01,2011-07-01,1.0,,44.0,2.0,0,29.0,17
361936932,0,329989034,United States,2017-04-08,2017-04-08,5.0,,,,0,75.0,17
917382114,0,108425486,Ireland,2017-04-20,2017-04-23,2.0,,,,0,2.0,8
230016198,0,533448000,United States,2017-11-25,2017-12-02,1.0,,,,0,1.0,17
181315539,0,956478192,Australia,2016-12-29,2017-01-01,2.0,,,,0,65.0,0
47202785,0,366980738,Mexico,2016-02-10,2016-02-10,4.0,,,,0,93.0,17
225347742,0,704550010,France,2014-11-04,2014-11-04,,,,,0,87.0,0
389293988,0,133616400,Australia,2018-01-02,2018-01-07,5.0,0.0,,,0,1.0,17
868924868,0,752607714,Argentina,2017-01-02,2017-01-08,2.0,,,,0,93.0,17
64892420,0,601360197,Canada,2016-06-03,2016-06-11,2.0,,,,0,1.0,0
494361976,0,220597003,Argentina,2017-04-09,2017-04-23,2.0,,,,0,93.0,8
955542536,0,874972194,Brazil,2016-10-05,2016-10-31,2.0,,,,1,89.0,39
134612694,0,214918174,India,2014-11-30,2014-11-30,2.0,,,,0,1.0,8
600532014,0,223322431,American Samoa,2013-01-15,2013-01-29,,,,,1,6.0,39
533191136,1,146940652,France,2015-10-26,2015-10-29,2.0,,80.0,1.0,0,87.0,17
530131726,0,657655409,United States,2015-03-30,2015-03-30,2.0,,,,0,1.0,0
921565728,1,973677652,United States,2014-05-29,2014-06-04,2.0,,33.0,4.0,0,1.0,8
600747042,1,679099458,United States,2017-03-31,2017-04-08,2.0,,80.0,2.0,1,1.0,39
634986385,1,402235519,Australia,2011-01-30,2011-01-30,4.0,,4.0,2.0,0,1.0,0
691627584,0,570073072,Italy,2014-12-28,2014-12-28,2.0,,,,0,81.0,17
556619671,0,503059070,United States,,,,,,,0,2.0,0
668065175,1,581306845,India,2010-11-18,2010-11-20,8.0,,63.0,2.0,0,1.0,17
593897142,0,945868812,Brazil,2017-05-11,2017-05-11,2.0,,,,0,105.0,8
907671821,0,856182276,Australia,2013-09-25,2013-10-01,2.0,,,,0,29.0,17
456343289,0,234756731,Argentina,2017-10-14,2017-10-14,1.0,,,,0,89.0,17
903020115,0,451596592,India,2013-07-30,2013-07-30,,,,,0,1.0,8
967109738,1,5754361,United States,2016-01-03,2016-01-04,2.0,,24.0,2.0,0,1.0,0
104861773,0,399398450,Algeria,2017-09-17,2017-09-23,2.0,,,,0,1.0,17
618998893,0,438070792,Syria,2016-01-15,2016-01-15,,,,,0,127.0,16
45903289,0,562433867,United States,2012-10-06,2012-10-06,3.0,,,,0,56.0,0
41188190,1,932732893,Canada,2016-10-29,2016-10-29,1.0,,15.0,2.0,0,74.0,17
141207289,0,393239273,India,2015-10-09,2015-10-09,,,,,0,74.0,0
530041139,1,288989963,United States,2010-09-12,2010-09-13,2.0,,76.0,2.0,0,1.0,0
930327784,1,220503690,Brazil,2012-01-22,2012-01-22,3.0,,73.0,2.0,0,29.0,17
373404586,1,696751063,United States,2015-02-06,2015-02-09,1.0,,4.0,2.0,0,1.0,0
472408009,0,2008190,France,2012-10-30,2012-11-03,2.0,,,,0,2.0,0
856123725,0,513328036,Canada,2016-12-27,2017-01-03,3.0,,,,1,2.0,39
190931052,0,713297880,Spain,2014-08-01,2014-08-01,,,,,0,90.0,8
266570721,0,308644089,Argentina,2018-03-02,2018-03-10,3.0,,,,0,93.0,8
62141496,0,885236226,South Africa,2017-10-31,2017-11-11,2.0,2.0,,,0,1.0,8
175533481,0,788576248,Mexico,2016-08-30,2016-08-30,,,,,0,89.0,167
680303269,1,824237335,United Kingdom,2014-09-22,2014-09-25,2.0,,74.0,4.0,0,1.0,0
151896769,1,557185374,Italy,2016-11-12,2016-11-15,2.0,,20.0,1.0,1,77.0,39
963855488,0,468583448,Italy,2018-03-25,2018-03-25,3.0,,,,1,79.0,39
392125235,0,213586573,Chile,2013-05-07,2013-05-11,,,,,0,5.0,17
326533061,0,967189856,Argentina,2016-10-10,2016-10-10,2.0,,,,1,91.0,39
992029980,0,27877286,United States,2017-01-03,2017-01-13,3.0,,,,1,1.0,39
236005570,0,366930520,Philippines,2018-02-15,2018-02-25,2.0,,,,0,29.0,0
503755540,1,515369274,Germany,2011-04-22,2011-04-28,8.0,,74.0,1.0,0,7.0,0
338022467,1,417704359,United Kingdom,2014-06-20,2014-06-29,2.0,,93.0,4.0,0,2.0,0
604746301,1,990616827,Brazil,2017-04-20,2017-04-21,1.0,,25.0,2.0,0,101.0,17
193521576,0,426238344,United States,2016-11-28,2016-11-29,2.0,,,,0,1.0,0
797996122,1,537509771,Australia,2012-10-01,2012-10-02,2.0,,83.0,2.0,0,1.0,0
761929666,0,791437966,India,2014-10-24,2014-10-24,4.0,,,,0,1.0,0
839937265,1,935135406,United States,2017-04-12,2017-05-04,2.0,,82.0,2.0,0,1.0,0
363093490,0,972896983,Brazil,2018-05-05,2018-05-05,3.0,,,,0,105.0,26
918362649,0,380592098,Brazil,2014-12-25,2015-01-04,2.0,2.0,,,1,105.0,39
137972887,0,42088430,United States,2016-02-27,2016-02-27,3.0,,,,0,1.0,0
350271609,1,134757775,France,2013-12-29,2014-01-06,4.0,,64.0,1.0,0,4.0,16
939818210,0,277930100,United States,2017-10-02,2017-10-04,2.0,,,,0,66.0,17
304296123,0,525487688,Ireland,2016-10-23,2016-10-25,4.0,1.0,,,0,1.0,0
350202143,0,945495161,Ecuador,2012-12-29,2012-12-29,4.0,2.0,,,0,29.0,17
747061240,0,104078671,Germany,2017-01-02,2017-01-10,,,,,1,99.0,39
319106096,0,703221616,United Kingdom,2017-01-15,2017-01-15,2.0,,,,0,73.0,0
766208772,1,277010722,United States,2017-03-12,2017-03-17,2.0,,49.0,2.0,0,1.0,0
561523754,1,846535078,South Africa,2017-09-06,2017-09-06,2.0,,5.0,2.0,0,1.0,17
788295491,0,992870962,United States,2016-11-28,2016-12-09,,,,,0,12.0,0
899164214,0,822974482,Egypt,2014-09-12,2014-09-16,,,74.0,3.0,0,57.0,40
260283390,1,499960035,Germany,2012-12-14,2012-12-14,1.0,,52.0,2.0,0,9.0,16
230116294,1,922075334,United States,2012-01-03,2012-01-18,2.0,,36.0,2.0,0,29.0,17
709410541,1,473709241,Chile,2014-05-19,2014-05-23,2.0,,61.0,2.0,0,93.0,15
970802726,0,883613180,Ecuador,2017-09-26,2017-09-26,3.0,,,,0,93.0,8
333601188,0,406333478,Canada,2017-01-03,2017-01-12,,,,,0,1.0,0
866571296,0,934800034,United States,2017-09-20,2017-09-22,2.0,,,,0,1.0,16
215765319,0,399375794,Peru,2016-12-14,2016-12-18,1.0,,,,0,93.0,8
243768325,1,769350515,Spain,2010-07-12,2010-07-19,,,86.0,1.0,0,5.0,0
115174184,0,487880864,France,2016-08-22,2016-08-29,3.0,1.0,,,0,87.0,17
687760525,0,155652561,United States,2016-02-24,2016-02-24,,,,,0,29.0,0
470146853,0,231250224,Brazil,,,,,,,0,29.0,17
551564240,0,845776151,Brazil,2016-01-30,2016-01-30,,,,,1,105.0,39
899607937,0,971845032,France,2013-08-03,2013-08-10,2.0,1.0,,,0,4.0,17
358141415,0,35329131,Egypt,,,,,,,0,1.0,0
337297330,1,301611039,Malaysia,2010-11-29,2010-12-06,4.0,1.0,12.0,2.0,0,29.0,17
316717698,0,19432537,Brazil,2017-02-17,2017-02-21,4.0,,,,1,106.0,39
181875437,1,783792406,Italy,2012-11-06,2012-11-07,2.0,1.0,48.0,1.0,0,6.0,0
726612123,1,465272800,Argentina,2017-06-17,2017-06-27,2.0,,31.0,2.0,0,93.0,26
165257659,0,971880859,Australia,2018-01-09,2018-01-12,2.0,,,,0,74.0,17
448944511,1,23295094,Philippines,2017-06-06,2017-06-07,2.0,,7.0,2.0,0,1.0,17
136050870,0,545432973,Oman,2017-08-30,2017-09-13,1.0,0.0,,,1,197.0,39
908375757,0,247232972,United States,2013-01-01,2013-01-01,2.0,,,,0,1.0,0
104991039,1,784395297,Brazil,2017-05-15,2017-05-23,2.0,,66.0,2.0,0,105.0,0
859000402,0,301639526,India,2013-04-26,2013-04-26,,,,,0,29.0,17
908920933,1,386644753,Argentina,2017-02-17,2017-02-17,3.0,2.0,34.0,2.0,0,89.0,26
888636948,0,807698284,United States,2014-03-24,2014-03-24,,,,,0,1.0,0
368137505,1,662435923,Italy,2017-12-28,2018-01-02,4.0,,40.0,1.0,0,81.0,16
819598407,1,203734420,Egypt,2014-09-18,2014-09-18,2.0,,44.0,2.0,0,29.0,0
426123331,0,838921712,Italy,2012-12-27,2012-12-27,,,,,0,6.0,0
456013054,1,769672187,Egypt,2017-08-11,2017-08-16,6.0,,15.0,3.0,0,41.0,26
271319463,0,177071553,South Africa,2017-08-28,2017-09-16,2.0,,,,1,2.0,39
589824850,0,515141536,Spain,,,,,,,0,5.0,0
85998231,1,82786082,Egypt,2011-09-06,2011-09-06,2.0,,53.0,2.0,0,29.0,15
447411334,0,885446485,United Kingdom,2018-03-29,2018-03-29,3.0,,,,1,2.0,39
521515700,0,825686099,Argentina,2017-07-19,2017-07-30,2.0,,,,1,91.0,39
922879920,1,124261525,Australia,2011-07-02,2011-07-11,2.0,,93.0,2.0,0,29.0,17
716695321,1,774680219,Ireland,2015-09-07,2015-09-07,1.0,,39.0,4.0,0,2.0,17
980360489,0,972125634,Argentina,2016-07-01,2016-08-07,2.0,,,,1,94.0,39
186947881,1,297373167,United States,2015-01-15,2015-01-20,2.0,,78.0,3.0,0,23.0,8
860847231,0,758766863,United Kingdom,2016-06-11,2016-06-25,2.0,,,,0,2.0,17
985626371,0,578782646,China,2017-04-28,2017-04-28,2.0,,78.0,2.0,0,2.0,17
243741724,1,817498698,United Kingdom,2017-04-14,2017-04-22,2.0,2.0,93.0,2.0,0,1.0,17
829737052,0,25058983,France,2017-08-19,2017-08-20,2.0,2.0,,,0,87.0,17
851433136,0,760380650,United States,2013-03-31,2013-03-31,,,,,0,1.0,0
103755849,0,540477386,Mexico,,,,,,,0,,0
469944583,1,637928162,India,2017-04-15,2017-04-21,1.0,,8.0,2.0,0,41.0,30
930445330,0,782696409,India,2015-08-20,2015-08-28,2.0,,,,0,1.0,0
462495949,0,261347106,Australia,2017-10-09,2017-10-15,2.0,,,,1,74.0,39
58725542,0,578661689,United States,2016-12-30,2017-01-02,4.0,2.0,,,0,66.0,17
14318936,0,294473350,Egypt,2014-01-13,2014-01-17,2.0,2.0,,,0,,0
253407948,0,135780238,United States,2015-10-31,2015-11-09,1.0,,,,0,29.0,0
642557241,0,388861081,United States,2012-08-02,2012-08-19,4.0,,,,1,1.0,39
274564756,1,449234195,Bangladesh,2017-09-09,2017-09-10,25.0,,73.0,2.0,0,23.0,8
103334029,1,271701832,United Kingdom,2017-09-26,2017-09-26,2.0,,48.0,2.0,0,1.0,15
661364077,0,593504586,Brunei,2013-08-28,2013-08-28,,,,,0,1.0,0
390702551,1,581143093,France,2013-01-04,2013-01-04,2.0,2.0,85.0,1.0,0,4.0,15
74019394,0,191957412,Spain,2014-02-24,2014-02-24,,,,,0,93.0,0
355098627,1,405963868,Brazil,2017-10-25,2017-11-01,2.0,,3.0,2.0,1,105.0,39
783937912,1,384851548,France,2014-05-19,2014-05-21,2.0,,3.0,2.0,0,41.0,30
406178565,1,451302153,Italy,2014-08-31,2014-09-12,2.0,2.0,10.0,1.0,0,81.0,17
657246254,1,507628674,Ukraine,2012-12-25,2012-12-30,3.0,,33.0,2.0,0,1.0,0
18082008,0,469845292,Pakistan,2013-01-04,2013-01-04,1.0,,,,0,29.0,17
156187035,0,880620589,France,2017-10-21,2017-10-31,4.0,,,,0,87.0,8
530479558,0,354174986,Australia,2013-05-18,2013-05-18,,,,,0,1.0,8
484827962,1,751980467,United States,2017-11-12,2017-11-12,2.0,,32.0,2.0,0,1.0,0
235312021,1,721629162,United States,2013-03-04,2013-03-11,2.0,,33.0,2.0,0,29.0,17
524436496,0,683889943,Spain,2016-05-20,2016-05-20,,,,,0,66.0,0
796592742,0,436423641,Mexico,2015-01-03,2015-01-03,5.0,,,,0,93.0,17
851205235,0,732274481,India,2015-11-08,2015-11-08,4.0,,,,0,65.0,8
318524319,0,905679832,Italy,2012-12-26,2013-01-08,,,,,0,6.0,0
674711671,0,139823125,United States,2016-12-17,2016-12-27,,,,,0,1.0,0
738635517,0,362553696,India,2016-02-09,2016-02-09,,,,,1,1.0,39
872908026,0,394201400,India,2015-12-18,2015-12-18,,,,,0,29.0,0
485035201,0,951555110,United States,2013-03-06,2013-03-07,,,,,0,1.0,0
164832555,0,18782602,Brazil,2016-03-15,2016-03-29,1.0,,,,1,106.0,39
55633839,0,215676936,United Kingdom,2017-08-11,2017-08-18,2.0,,,,0,2.0,0
234909131,0,213527363,Germany,2016-12-15,2016-12-15,1.0,,,,0,97.0,8
124398833,1,875071994,Germany,2016-04-03,2016-04-03,4.0,,5.0,1.0,0,97.0,16
281310641,0,629210912,India,2015-12-23,2015-12-28,,,,,0,65.0,8
810238520,0,447785143,Egypt,2016-10-15,2016-10-29,2.0,,,,0,81.0,0
754748119,1,101787621,Canada,2016-11-10,2016-11-11,3.0,,6.0,2.0,0,74.0,8
349573348,0,789966308,Albania,2012-12-30,2013-01-03,,,,,0,6.0,0
138078305,1,659528343,United States,2015-12-18,2015-12-18,1.0,,96.0,2.0,1,74.0,39
36449180,0,556807342,France,2012-11-02,2012-11-05,2.0,,,,0,1.0,0
935466647,0,220092339,Central African Republic,2016-05-24,2016-05-31,,,,,0,4.0,17
920374030,0,666633075,Germany,2014-10-15,2014-10-15,,,,,0,99.0,17
606500709,1,471059550,France,2016-12-27,2017-01-04,2.0,,4.0,1.0,0,87.0,17
8702895,0,403738501,Bahrain,2016-10-15,2016-10-15,,,,,0,65.0,0
615367454,0,937169223,Romania,2015-08-19,2015-08-20,2.0,,,,0,73.0,17
778677660,0,123301588,Italy,2012-12-12,2012-12-24,,,,,0,6.0,0
813159611,0,748862650,Egypt,,,,,,,0,1.0,0
808486815,1,185208392,United States,2017-01-17,2017-01-18,2.0,,31.0,2.0,0,,0
597535208,0,342749224,France,2016-08-07,2016-08-18,4.0,,,,1,87.0,39
979401508,1,550267313,Egypt,2016-02-01,2016-02-04,6.0,,44.0,3.0,0,57.0,40
171184886,0,342024645,Canada,2017-03-01,2017-03-01,2.0,,,,0,2.0,0
362708602,0,403677012,Italy,2015-11-13,2015-11-13,,,,,1,77.0,39
843260665,0,275509341,United States,2014-08-15,2014-08-15,2.0,,,,0,1.0,8
131295987,1,591862781,Australia,2017-01-15,2017-01-19,3.0,,81.0,2.0,0,1.0,0
581788772,1,593914437,United States,2011-11-20,2011-11-22,2.0,,65.0,2.0,0,1.0,0
760898065,1,889550671,United States,2017-05-12,2017-05-12,1.0,,57.0,2.0,0,74.0,17
182445861,0,719946705,United States,2015-05-18,2015-05-18,2.0,,,,0,29.0,0
516226585,1,265167528,Spain,2011-08-12,2011-08-24,1.0,,97.0,2.0,0,23.0,8
533911031,1,962769134,Chile,2016-10-22,2016-11-01,2.0,,62.0,2.0,0,93.0,8
965482765,0,226269592,United Arab Emirates,2016-01-01,2016-01-01,2.0,3.0,,,0,1.0,0
102249474,0,90252114,United States,2017-04-21,2017-04-21,,,,,0,29.0,0
611322359,0,252920661,United States,2013-04-26,2013-04-26,,,,,0,56.0,0
818245327,0,705536932,Kenya,2016-12-27,2016-12-27,2.0,,,,0,29.0,0
962628808,0,44186947,Germany,2017-12-22,2017-12-31,2.0,1.0,,,0,99.0,17
103018805,1,651521130,South Africa,2012-08-20,2012-08-21,2.0,,23.0,2.0,0,1.0,0
616548143,0,970123515,Switzerland,2016-01-06,2016-01-06,,,,,0,87.0,17
588981123,0,141464609,United States,2016-10-15,2016-10-15,2.0,,,,1,74.0,39
697399349,0,817397582,United States,,,,,,,0,1.0,0
233354622,0,95434494,South Africa,2016-05-26,2016-06-04,2.0,,,,0,29.0,17
227551707,0,248586692,France,2017-10-21,2017-10-28,2.0,0.0,,,1,87.0,39
22795586,1,107866486,Italy,2017-01-01,2017-01-07,7.0,,47.0,1.0,0,77.0,17
141952980,0,2479603,United States,2017-01-02,2017-01-06,,,,,0,1.0,8
926469696,1,811998269,Italy,2015-04-01,2015-04-03,7.0,,59.0,1.0,0,77.0,8
341526663,1,229416364,Italy,2016-03-25,2016-03-26,3.0,,97.0,1.0,0,153.0,169
411289891,0,834195195,United States,,,,,,,0,1.0,0
772037264,0,71791899,United States,2016-07-31,2016-08-06,1.0,,,,0,65.0,0
189199781,1,590222351,Egypt,2014-04-16,2014-04-16,1.0,,56.0,3.0,0,57.0,40
608741985,0,738884916,Austria,2013-01-11,2013-01-11,,,,,0,1.0,0
169712525,1,7774969,United States,2013-12-26,2013-12-29,6.0,,84.0,2.0,0,1.0,0
458202303,1,870419377,Italy,2017-01-04,2017-01-04,6.0,,56.0,1.0,0,77.0,15
568354229,0,968865567,United Kingdom,,,,,,,0,,0
524815272,1,501275402,Australia,2017-01-02,2017-01-10,2.0,,10.0,2.0,1,1.0,39
304085780,1,662501002,United States,2016-08-04,2016-08-05,2.0,1.0,28.0,2.0,0,1.0,0
598605256,0,6775876,United States,2018-01-06,2018-03-31,2.0,,,,1,1.0,39
345462834,0,876106725,Swaziland,2013-11-01,2013-11-01,2.0,,,,0,7.0,0
914761225,0,837961115,Bangladesh,2014-10-17,2014-10-20,,,,,1,75.0,39
337787540,0,62712696,Argentina,2015-07-28,2015-08-16,1.0,,,,1,90.0,39
682595700,0,656633706,United Kingdom,2017-10-01,2017-10-08,2.0,,,,0,2.0,17
399631011,0,281448778,Brazil,2016-10-06,2016-10-18,2.0,,,,0,103.0,8
420930087,1,553519610,Australia,2014-01-04,2014-01-05,2.0,,40.0,2.0,0,1.0,0
934504725,1,912662953,United States,2013-09-06,2013-09-06,2.0,,94.0,2.0,0,56.0,0
658786454,1,382198728,Turkey,2014-10-30,2014-10-30,2.0,,62.0,2.0,0,2.0,17
319542614,0,564802865,United Kingdom,2013-07-13,2013-07-13,,,,,0,1.0,8
186133797,0,501669349,United States Virgin Islands,2014-02-28,2014-02-28,1.0,0.0,,,0,89.0,8
75570680,0,221297943,Egypt,2017-09-22,2017-09-25,2.0,,,,0,1.0,17
902029191,0,611724744,United States,2013-04-30,2013-04-30,,,,,0,29.0,0
417341967,1,145108365,Egypt,2015-08-07,2015-08-10,2.0,2.0,83.0,3.0,0,41.0,26
625720735,0,300472267,Egypt,2013-04-01,2013-04-01,,,,,0,29.0,0
630773665,0,480257880,United States,2012-07-21,2012-07-24,,,,,0,56.0,0
31853081,0,35011725,Germany,2012-12-04,2012-12-04,1.0,,,,0,7.0,0
398203850,0,735026354,Brazil,2016-07-03,2016-07-03,,,,,0,102.0,167
54685930,0,782415365,United Kingdom,2013-08-29,2013-08-29,,,,,0,1.0,8
389956333,0,56127993,Egypt,2018-06-18,2018-06-18,2.0,,,,0,6.0,15
984944367,0,24941548,United States,2013-12-26,2013-12-26,,,,,0,29.0,17
657108745,1,461209274,United Kingdom,2012-06-30,2012-06-30,2.0,,33.0,2.0,0,1.0,0
396394901,1,933544565,United States,2015-01-23,2015-01-31,2.0,,3.0,2.0,0,1.0,17
356838027,0,819703136,United States,2015-03-31,2015-04-04,2.0,2.0,,,0,1.0,17
306182828,0,438364339,United Kingdom,2017-07-28,2017-08-11,1.0,,,,0,2.0,17
321546258,1,607280550,Chile,2017-06-10,2017-06-18,2.0,,3.0,2.0,1,94.0,39
242298527,0,472250976,Brazil,2017-06-06,2017-06-06,2.0,,,,0,106.0,17
908519791,0,882791979,Brazil,2017-09-11,2017-09-23,2.0,,,,1,105.0,39
611232928,0,825629626,United States,2015-05-15,2015-05-17,,,,,0,1.0,0
159260321,0,37013529,Brazil,2015-06-14,2015-06-14,1.0,,,,1,105.0,39
558994966,0,269152572,Brazil,2016-12-01,2016-12-01,,,,,1,101.0,39
605104046,0,741050425,United States,2017-03-27,2017-04-16,2.0,,,,0,1.0,0
436269529,0,506112740,United States,2016-08-13,2016-08-13,,,,,0,66.0,17
906755350,0,196654765,United Kingdom,2016-05-12,2016-05-12,2.0,,,,0,12.0,0
984634906,1,185768175,Uruguay,2016-02-18,2016-02-23,1.0,,59.0,2.0,0,89.0,8
151588174,0,714975653,France,2015-10-19,2015-10-22,1.0,1.0,,,0,87.0,17
943559570,0,917529501,Spain,2015-02-18,2015-02-18,,,,,0,93.0,16
511055793,0,419877226,United States,2017-02-02,2017-02-10,3.0,,,,1,1.0,39
664815544,1,418498306,Peru,2013-02-16,2013-02-16,1.0,,1.0,2.0,0,5.0,8
119616504,1,466442582,United Kingdom,2016-08-18,2016-08-20,1.0,,,,0,1.0,0
215494705,0,487775994,United States,2013-12-18,2013-12-18,,,,,0,1.0,0
433739450,1,466201797,United States,2011-09-30,2011-09-30,5.0,,51.0,2.0,0,1.0,0
943707823,1,206603540,France,2017-02-16,2017-02-16,2.0,,75.0,1.0,0,87.0,17
680408818,1,840655833,Germany,2012-06-11,2012-06-11,2.0,2.0,12.0,1.0,0,7.0,17
955015571,0,88046291,United States,2012-09-16,2012-09-16,3.0,,,,0,1.0,0
331382396,0,462040353,Italy,2012-03-06,2012-03-06,2.0,,,,0,6.0,0
243336168,0,933071789,Saudi Arabia,2012-03-23,2012-03-23,2.0,,,,0,29.0,17
327104840,0,528033999,Brazil,2019-01-05,2019-02-28,1.0,,,,1,101.0,39
253135431,0,854667845,Russia,2012-11-27,2012-11-28,2.0,1.0,,,0,58.0,0
662009669,0,26318750,India,2016-03-12,2016-03-12,2.0,,,,0,65.0,16
256246491,1,896929648,United States,2012-05-14,2012-05-19,2.0,,44.0,2.0,0,1.0,0
490329532,0,191936696,India,2014-05-13,2014-10-13,1.0,,,,0,1.0,0
796942526,0,921833892,United States,2013-02-28,2013-02-28,,,,,0,1.0,0
579836407,0,357538560,United Kingdom,2016-10-10,2016-10-14,,,,,0,2.0,17
365551254,1,70744186,United States,2011-11-14,2011-11-14,2.0,,90.0,4.0,0,1.0,0
324627996,0,193797716,United States,2016-12-24,2016-12-31,,,,,0,66.0,0
39890072,0,624719268,Pakistan,2017-03-27,2017-03-27,2.0,,,,0,29.0,0
615885310,1,51621151,United Kingdom,2013-03-24,2013-04-02,2.0,,19.0,4.0,0,29.0,17
965453950,0,641500582,Brazil,2014-12-30,2015-01-05,,,,,0,2.0,0
80520221,0,743400679,Argentina,2017-09-12,2017-09-22,2.0,,,,0,93.0,8
251342070,0,900040186,Mexico,2017-12-25,2017-12-25,2.0,,,,1,89.0,39
474930010,0,958103935,France,2015-02-11,2015-02-14,2.0,,,,0,2.0,17
623939729,1,450248276,Brazil,2017-05-29,2017-06-13,2.0,,76.0,2.0,0,103.0,26
171284762,1,481890881,Spain,2015-06-21,2015-06-24,4.0,,88.0,2.0,0,1.0,16
743327550,0,958229056,United Kingdom,2018-03-24,2018-04-04,2.0,,,,0,2.0,0
609504054,0,890946499,France,2017-12-30,2017-12-31,2.0,,13.0,1.0,0,87.0,17
451622156,0,686120869,Brazil,2016-10-06,2016-10-18,,,,,0,105.0,17
79300457,0,597985839,Canada,2018-04-03,2018-04-09,2.0,,,,0,29.0,0
628693710,0,884991218,Japan,2013-04-01,2013-04-11,20.0,,,,0,1.0,0
737625227,0,581303198,United Kingdom,2016-08-06,2016-08-19,,,,,0,1.0,0
300009263,1,273464502,United States,2017-01-26,2017-02-02,2.0,1.0,33.0,2.0,0,1.0,0
206191188,0,531246382,France,2016-04-24,2016-04-29,5.0,,,,0,87.0,17
703620230,0,188089655,China,2014-07-01,2014-07-08,,,,,0,2.0,0
658977255,0,78986446,Canada,2014-10-13,2014-10-13,1.0,,,,0,1.0,0
102980048,0,447110324,India,2015-02-14,2015-02-17,,,,,1,65.0,39
881670993,1,993471563,Italy,2016-12-07,2016-12-10,2.0,,1.0,1.0,0,81.0,17
2655755,1,329362796,Australia,2017-05-18,2017-05-22,2.0,,29.0,2.0,0,1.0,15
845037075,1,457099268,United States,2017-09-02,2017-09-09,2.0,,2.0,2.0,0,29.0,0
532237010,1,515325091,Australia,2016-09-21,2016-09-21,2.0,1.0,16.0,2.0,0,65.0,17
610143123,0,531932242,Spain,2016-02-25,2016-02-25,1.0,,,,0,89.0,17
407829415,0,652284589,United States,2014-09-01,2014-09-01,,,,,0,1.0,0
593130631,1,466254010,Egypt,2014-02-20,2014-02-24,1.0,,34.0,2.0,0,63.0,16
448714213,1,266413136,Malaysia,2012-09-27,2012-10-04,3.0,,60.0,2.0,0,1.0,0
863269880,1,99800431,Chile,2015-09-01,2015-09-16,4.0,1.0,88.0,2.0,0,93.0,16
175855622,1,125265113,United States,2018-04-04,2018-04-05,2.0,,86.0,2.0,0,74.0,8
644571608,0,879196429,Jordan,2015-09-03,2015-09-10,2.0,,,,0,73.0,0
510839094,0,187373828,Spain,2017-07-22,2017-07-22,2.0,,,,0,89.0,17
171642379,1,237813962,Chile,2010-10-29,2010-11-06,2.0,,76.0,1.0,0,1.0,0
548411594,0,865872523,Jordan,2017-11-27,2017-12-03,2.0,,,,1,1.0,39
383411861,0,430427216,Brazil,2017-07-19,2017-07-26,2.0,,,,1,213.0,39
139121313,0,487390950,Austria,2015-02-20,2015-02-20,,,,,0,99.0,16
85555081,0,721497296,Egypt,2017-01-02,2017-01-06,1.0,,,,0,1.0,0
992443902,0,320692023,Italy,2015-03-02,2015-03-02,2.0,,,,0,81.0,17
611148769,1,936189442,Australia,2018-03-17,2018-03-18,1.0,,91.0,2.0,0,1.0,17
875442795,1,614417004,United States,2014-01-19,2014-01-26,1.0,,75.0,2.0,0,1.0,0
616171496,0,971206585,United States,2010-06-13,2010-06-13,,,,,0,1.0,8
878471659,0,927415545,United States,2017-07-17,2017-07-17,,,,,0,29.0,0
263137701,0,88986432,United Kingdom,2013-04-14,2013-04-18,,,,,0,29.0,17
206112791,0,301966063,United States,2015-04-04,2015-04-04,2.0,,,,0,29.0,0
863752039,1,767468416,United States,2011-06-01,2011-06-11,2.0,,54.0,2.0,0,29.0,17
925290794,0,652217671,Australia,2017-08-11,2017-08-19,2.0,,,,1,1.0,39
327875560,0,537797352,France,2018-02-03,2018-02-03,8.0,2.0,,,1,93.0,39
723053017,0,841864565,Italy,2015-12-31,2015-12-31,4.0,,,,0,77.0,17
126362327,0,940912149,Belgium,,,,,,,0,4.0,0
572979033,0,587676712,United States,2017-05-31,2017-05-31,2.0,,,,0,66.0,17
647187546,1,764084674,Australia,2015-10-15,2015-10-18,1.0,,25.0,2.0,0,1.0,0
39321581,0,793171843,China,2013-09-19,2013-09-27,1.0,,,,0,2.0,17
228622650,1,52621494,Uganda,2016-06-04,2016-06-08,2.0,,55.0,2.0,0,1.0,0
399671656,0,557534155,Ecuador,2017-09-25,2017-10-03,4.0,1.0,,,1,93.0,39
558079338,0,92026978,Brazil,2015-06-06,2015-06-06,2.0,,,,1,105.0,39
984527050,1,394492666,United States,2011-01-30,2011-01-31,2.0,,7.0,2.0,0,2.0,17
306675955,0,529172691,Italy,2013-06-10,2013-06-10,,,,,1,6.0,39
580978656,0,454746920,Colombia,2017-02-15,2017-02-15,0.0,,,,1,91.0,39
930852701,0,884246528,Brazil,2017-09-20,2017-10-20,2.0,,,,1,105.0,39
768940874,0,622669599,Brazil,2014-12-12,2014-12-12,,,,,0,93.0,8
543429526,0,862538582,United States,2013-04-16,2013-04-16,,,,,0,29.0,17
933100877,0,718418974,Cuba,2017-04-16,2017-04-20,2.0,,,,0,93.0,17
372776545,0,879285357,Germany,2013-09-22,2013-10-12,2.0,,,,0,7.0,0
233434311,0,828274717,Mexico,2016-11-09,2016-11-19,1.0,,,,0,93.0,8
535231950,1,470651819,Egypt,2016-07-17,2016-07-21,2.0,,98.0,3.0,0,1.0,8
721613860,0,175121353,United States,2013-07-07,2013-07-07,2.0,,,,0,1.0,8
383519263,0,190290251,Brazil,2017-12-22,2018-01-03,2.0,2.0,,,1,101.0,39
393154217,1,563810050,United States,2016-04-09,2016-04-17,4.0,,75.0,2.0,0,133.0,8
538977629,0,557669957,United States,2016-02-16,2016-02-16,,,,,0,1.0,0
267289774,1,9972942,United States,2015-09-21,2015-10-02,1.0,,45.0,2.0,0,1.0,15
101044798,0,9437521,India,2017-12-02,2017-12-02,1.0,,,,1,1.0,39
352000571,0,302160307,France,2016-12-07,2016-12-07,2.0,,,,0,185.0,16
93518902,0,118830320,Germany,2016-12-23,2016-12-30,2.0,,,,0,95.0,17
408972841,0,872158171,Germany,2017-10-20,2017-10-28,2.0,,,,1,97.0,39
560559399,1,547583069,Egypt,2016-09-28,2016-10-02,2.0,1.0,21.0,3.0,0,41.0,26
374810130,0,724393484,Mexico,2017-11-19,2017-11-27,2.0,,,,0,93.0,17
776014494,0,186955127,United States,2013-05-17,2013-05-17,,,,,0,1.0,8
555767676,0,639786696,Wallis and Futuna,2014-07-01,2014-07-01,2.0,,,,0,1.0,0
546867310,0,891240724,United States,2013-03-21,2013-03-21,2.0,2.0,,,0,29.0,17
483808628,1,210509065,Malaysia,2015-01-12,2015-01-12,2.0,,77.0,2.0,0,1.0,0
983076942,0,634571995,India,2016-07-04,2016-07-05,4.0,2.0,,,0,1.0,8
834357907,0,125356959,Bahamas,2016-03-10,2016-03-10,,,,,1,93.0,39
173278995,0,249429775,Egypt,,,,,,,0,1.0,0
54872674,0,561686293,Brazil,2017-06-10,2017-06-26,2.0,,,,1,105.0,39
646580854,1,903293937,United Kingdom,2015-04-03,2015-04-04,4.0,3.0,87.0,4.0,0,2.0,0
824576671,1,155004963,Australia,2012-06-22,2012-06-30,1.0,,61.0,2.0,0,29.0,17
486068609,0,222117264,Chile,2017-03-01,2017-03-06,2.0,,,,1,93.0,39
70306053,0,37878191,Switzerland,2010-10-23,2010-11-05,,,,,0,7.0,17
581225971,1,125152812,United Kingdom,2016-07-22,2016-07-30,2.0,,20.0,4.0,1,2.0,39
727118837,1,56026606,Argentina,2016-01-28,2016-02-02,2.0,1.0,85.0,2.0,0,1.0,0
974929299,0,787898055,United States,2014-04-11,2014-04-14,4.0,,,,0,1.0,8
31039724,1,228414233,United States,2012-12-13,2012-12-28,1.0,,23.0,2.0,0,1.0,0
804212551,0,184573917,Switzerland,2014-12-10,2014-12-10,,,,,0,29.0,0
151702628,0,614598214,United States,2014-06-02,2014-06-02,1.0,,,,0,29.0,8
724025819,0,326956655,Australia,2016-08-22,2016-08-25,2.0,,,,0,65.0,17
662206732,1,194230586,United States,2016-12-20,2016-12-22,2.0,,86.0,2.0,0,1.0,17
369761890,1,830244188,United States,2010-11-04,2010-11-04,4.0,,76.0,3.0,0,1.0,8
486983067,1,299008776,India,2016-12-20,2016-12-27,3.0,,45.0,2.0,0,133.0,8
361326571,0,45845184,Brazil,2016-12-17,2016-12-17,,,,,0,102.0,0
875325503,0,624620714,United States,2014-02-28,2014-02-28,1.0,,,,0,1.0,8
139364969,1,413071063,United States,2010-10-30,2010-11-08,1.0,,86.0,2.0,0,1.0,0
4799752,0,618476203,United States,2017-11-17,2017-11-28,1.0,,,,0,29.0,0
264032257,0,50496906,Egypt,2017-07-03,2017-07-08,3.0,1.0,,,0,1.0,0
570560826,1,341616972,United States,2015-01-01,2015-01-11,3.0,1.0,76.0,2.0,0,1.0,0
460548429,0,665281511,Pakistan,2016-12-13,2016-12-16,,,,,0,1.0,0
137016125,1,960083287,United States,2015-02-25,2015-03-21,2.0,,32.0,2.0,0,1.0,8
282482281,0,288426427,Egypt,2017-03-11,2017-03-22,2.0,,,,0,29.0,0
326139399,0,128949199,Saudi Arabia,2012-09-05,2012-09-05,,,,,0,29.0,17
101321527,1,95244598,Germany,2012-07-05,2012-07-16,2.0,2.0,22.0,1.0,0,47.0,16
555329595,0,536636767,Argentina,,,,,,,0,,0
496501956,0,594412384,South Africa,2018-03-19,2018-03-19,14.0,,,,0,1.0,17
741294520,0,996388214,Brazil,2010-05-29,2010-05-30,,,,,0,29.0,8
990774875,1,491747096,United Kingdom,2016-02-12,2016-02-12,2.0,,62.0,2.0,0,1.0,8
717580334,1,375850294,United States,2010-07-26,2010-07-30,1.0,,23.0,2.0,0,1.0,0
690489475,0,486244824,United Kingdom,2012-05-05,2012-05-05,1.0,,,,0,29.0,17
385797034,0,907056208,Colombia,2016-04-03,2016-04-03,2.0,1.0,,,1,93.0,39
517574739,0,102748572,India,2017-05-05,2017-05-08,2.0,,,,0,2.0,17
570060189,0,87368682,Belgium,2012-10-31,2012-10-31,,,,,0,1.0,0
224474082,1,380226273,United States,2011-01-19,2011-01-21,2.0,,66.0,2.0,0,1.0,8
745738277,1,505360921,United Kingdom,2013-11-21,2013-12-03,2.0,,19.0,4.0,0,1.0,0
353240233,0,565490859,United States,2015-10-08,2015-10-08,,,,,0,66.0,17
460955327,0,997668813,Brazil,2017-10-22,2017-11-03,4.0,,,,0,105.0,17
624683093,1,976766737,United States,2011-12-26,2012-01-01,2.0,,94.0,2.0,0,29.0,17
306979709,0,619304408,Nicaragua,2015-10-01,2015-10-01,2.0,,,,0,29.0,0
251091708,0,423722722,Brazil,2017-07-19,2017-07-24,2.0,,,,1,106.0,39
693750744,0,934720625,Chile,2016-01-19,2016-01-26,2.0,,,,0,93.0,17
844400399,0,895728600,Italy,2014-09-18,2014-09-18,,,,,1,82.0,39
303441058,0,524713250,Argentina,2014-07-18,2014-07-18,,,,,0,93.0,16
469120699,1,115369327,United States,2014-11-09,2014-11-15,1.0,,46.0,2.0,0,1.0,17
704333741,0,98590746,Morocco,2018-02-08,2018-02-13,2.0,,,,0,73.0,17
574799010,0,31316694,Canada,2013-05-17,2013-05-17,,,,,0,56.0,0
823743620,0,124413963,United Kingdom,2017-03-07,2017-03-07,,,,,0,1.0,8
672724613,1,637576553,Egypt,2012-02-07,2012-02-10,1.0,,81.0,1.0,0,41.0,30
754017523,0,180703769,United States,2014-01-24,2014-01-27,1.0,,,,0,1.0,0
991361597,0,204812495,United States,,,,,,,0,1.0,0
998152639,0,65510241,United States,2018-03-01,2018-03-07,1.0,1.0,,,0,145.0,141
128737264,0,100623182,United States,2014-01-08,2014-01-13,1.0,,,,0,1.0,0
81807637,0,485773669,Brazil,2015-04-20,2015-04-20,3.0,1.0,,,1,105.0,39
966957989,0,156006979,United States,2011-11-22,2011-11-23,26.0,,,,0,2.0,0
151186571,1,485160618,India,2013-02-06,2013-02-16,2.0,,37.0,2.0,0,1.0,17
620768580,0,988917915,Mexico,2017-05-24,2017-05-27,2.0,,,,1,90.0,39
50500156,0,197959922,United States,2017-12-23,2017-12-23,8.0,,,,0,29.0,0
548350472,0,815536692,Argentina,2017-08-25,2017-09-03,2.0,,,,0,90.0,17
201664509,1,537677285,France,2018-04-14,2018-04-23,2.0,1.0,41.0,1.0,0,87.0,15
520859068,0,456225469,Germany,2017-08-12,2017-08-26,2.0,,,,1,99.0,39
669122803,0,778202319,Canada,2014-05-01,2014-05-01,2.0,,,,0,29.0,8
619361130,0,156128115,Argentina,2017-02-02,2017-02-02,3.0,,,,0,93.0,8
405559935,0,174735657,India,2015-06-12,2015-06-20,2.0,1.0,,,0,1.0,8
819527220,0,710760771,Germany,2017-03-31,2017-04-01,1.0,,,,0,97.0,17
814762594,1,672855925,Malaysia,2011-01-27,2011-02-03,2.0,,16.0,2.0,0,29.0,17
949443594,0,683493444,Mexico,2015-06-20,2015-06-20,,,,,0,89.0,15
367845394,0,879555507,Spain,2015-03-09,2015-03-09,,,,,0,93.0,17
480574751,0,56848576,Colombia,2015-09-26,2015-09-26,1.0,,,,0,93.0,17
520576124,0,702488663,Egypt,2017-01-26,2017-01-30,4.0,,,,1,1.0,39
191959446,0,976711650,India,2017-04-12,2017-04-13,1.0,,,,0,1.0,15
415441661,0,302999575,United States,2016-09-18,2016-09-24,2.0,,,,0,29.0,17
60522514,0,635637867,Belgium,2013-03-23,2013-03-30,2.0,,,,0,1.0,0
54478321,1,23239937,France,2010-05-14,2010-05-18,2.0,,97.0,1.0,0,1.0,17
389870665,0,84016716,Spain,2017-06-23,2017-06-28,2.0,2.0,,,0,89.0,0
735369192,1,454162624,Canada,2017-07-27,2017-07-27,2.0,,94.0,2.0,0,1.0,0
751105138,0,624283098,United States,2016-09-03,2016-09-03,1.0,,,,0,1.0,16
343533010,0,181687614,Australia,2016-08-05,2016-08-12,1.0,,,,1,73.0,39
819659526,1,566355734,United States,2017-06-24,2017-06-27,1.0,,22.0,2.0,0,1.0,17
593761649,0,653382120,Pakistan,2016-03-17,2016-03-23,,,,,1,73.0,39
327454364,0,943021585,India,2017-12-29,2018-01-01,2.0,1.0,,,1,1.0,39
101772153,0,111383932,France,2016-09-15,2016-09-15,,,,,0,4.0,0
336548210,0,389214975,France,2017-03-15,2017-03-30,2.0,,,,0,87.0,15
877857371,1,140626326,Italy,2016-12-30,2017-01-02,2.0,,75.0,1.0,0,77.0,8
931788410,0,220072309,United Kingdom,2015-08-15,2015-08-15,2.0,,,,0,2.0,0
944080897,0,767976159,Egypt,2017-05-24,2017-05-25,1.0,,,,0,1.0,0
238676211,1,586200777,Germany,2013-10-30,2013-11-08,2.0,,55.0,1.0,0,7.0,16
130342323,0,540291533,Germany,2013-01-23,2013-01-23,,,,,0,7.0,17
956211889,0,625178388,Anguilla,2013-07-29,2013-07-29,,,,,0,6.0,0
779431807,1,714889369,United States,2016-03-06,2016-03-06,2.0,,42.0,2.0,0,73.0,17
328581522,0,631843753,India,2018-03-19,2018-03-23,2.0,1.0,,,0,29.0,0
473373518,0,208962657,Germany,2017-04-18,2017-04-18,1.0,,,,0,97.0,17
898973639,0,968247784,Australia,2014-02-01,2014-02-12,2.0,,,,0,1.0,0
149456037,1,555558047,Venezuela,2017-07-24,2017-07-24,4.0,,39.0,2.0,0,1.0,17
777039241,0,76874383,Argentina,2013-04-04,2013-04-04,,,,,0,5.0,17
873903578,0,450609725,United States,2017-06-27,2017-07-06,2.0,,,,0,12.0,0
871006473,0,654952921,United States,2013-04-10,2013-04-10,2.0,,,,0,29.0,0
179874588,0,919840035,United States,2016-07-01,2016-07-15,3.0,,,,0,73.0,0
622946782,0,775860262,Armenia,2017-07-30,2017-08-12,2.0,,,,0,1.0,0
378765101,1,176735023,Brazil,2014-09-12,2014-09-22,2.0,,1.0,2.0,0,9.0,26
906409322,0,206414800,United States,2013-05-29,2013-06-05,,,,,0,29.0,17
60379143,0,119727700,United States,2017-05-06,2017-05-06,2.0,,,,0,1.0,8
674683606,0,547125918,New Zealand,2013-12-11,2013-12-11,,,,,0,1.0,8
111561344,1,956712111,France,2017-01-08,2017-01-14,2.0,,34.0,1.0,1,87.0,39
865305424,1,339059494,Canada,2017-11-23,2017-11-30,2.0,,20.0,2.0,0,87.0,17
669947977,0,525602393,United Kingdom,2015-10-17,2015-10-17,2.0,,,,0,65.0,17
839415545,0,928432756,Italy,2018-01-01,2018-01-08,2.0,,,,1,81.0,39
650846100,0,689174497,India,2015-09-18,2015-09-18,4.0,,,,1,65.0,39
533955578,1,750039265,Australia,2017-10-15,2017-10-24,2.0,2.0,56.0,2.0,0,1.0,17
24139240,1,753630072,Italy,2017-02-04,2017-02-04,3.0,1.0,22.0,1.0,1,77.0,39
804381422,0,67399392,Argentina,2018-02-03,2018-02-03,3.0,,,,0,93.0,8
767712152,0,797063502,Italy,2016-12-01,2016-12-01,1.0,,,,0,77.0,8
481989420,0,80410155,Peru,2015-05-16,2015-05-16,,,,,1,91.0,39
931671132,1,207973562,Australia,2012-08-28,2012-08-28,2.0,,4.0,2.0,0,9.0,16
411232274,0,26959826,Germany,2017-01-15,2017-01-22,2.0,,,,0,,15
920325273,1,691647585,France,2016-03-06,2016-03-12,2.0,,80.0,1.0,0,87.0,16
120187265,0,680969745,United States,2016-11-10,2016-11-10,2.0,,,,0,1.0,0
834769237,0,906530832,Costa Rica,2014-12-01,2014-12-01,,,,,0,93.0,8
531535234,1,706539113,Argentina,2016-04-02,2016-04-12,2.0,,83.0,2.0,1,93.0,39
208221627,0,828926798,United Kingdom,2018-08-10,2018-08-19,2.0,,,,1,2.0,39
280372912,0,754429844,Germany,2017-09-11,2017-09-18,2.0,,,,1,99.0,39
895698987,0,358820543,Peru,2015-08-07,2015-08-07,,,,,0,94.0,17
546271507,0,815336663,United States,2016-10-19,2016-10-19,2.0,2.0,,,0,1.0,0
178549509,0,870114232,Italy,2015-03-29,2015-03-29,2.0,2.0,,,0,81.0,17
874600620,0,189527660,India,2018-01-12,2018-01-20,3.0,1.0,,,0,29.0,8
362798497,1,929588780,Italy,2017-06-13,2017-06-16,2.0,,42.0,1.0,0,77.0,26
927060962,0,373602335,Spain,2018-03-31,2018-03-31,4.0,,,,1,93.0,39
392645564,1,161745993,Brazil,2017-03-20,2017-03-23,2.0,,68.0,2.0,1,101.0,39
261727959,1,632300059,Argentina,2016-10-06,2016-10-13,2.0,,54.0,2.0,0,93.0,8
784401337,0,759227755,United Kingdom,2017-03-22,2017-03-22,,,,,0,2.0,17
392732477,0,507548226,Germany,2016-10-28,2016-10-28,2.0,,,,0,95.0,15
581397382,0,511100413,Mexico,2017-07-22,2017-07-29,2.0,,,,0,93.0,8
458436414,1,937931470,Argentina,2017-11-21,2017-11-28,4.0,,98.0,2.0,1,93.0,39
486979599,1,143841175,United States,2015-03-04,2015-03-11,2.0,,92.0,2.0,0,1.0,0
540765995,0,476190114,United States,2017-12-02,2017-12-02,1.0,,,,0,1.0,0
949574084,1,601061705,Italy,2017-11-06,2017-11-06,2.0,,38.0,1.0,0,77.0,17
136801678,0,520359747,American Samoa,2014-01-14,2014-01-26,,,,,1,6.0,39
877408679,0,191585252,United States,2016-12-17,2016-12-30,3.0,,,,0,1.0,0
721036718,1,299066497,United States,2012-07-28,2012-08-07,1.0,,43.0,2.0,0,29.0,17
594554184,0,250650275,United Kingdom,2015-10-30,2015-10-30,2.0,,,,0,2.0,17
716218841,0,319223877,Mexico,2017-09-01,2017-09-14,2.0,,,,1,209.0,39
407215476,0,762324751,United States,2017-12-23,2017-12-31,2.0,,,,1,1.0,39
609499026,0,324604510,Saudi Arabia,2015-01-10,2015-01-17,2.0,,,,0,1.0,8
921202127,0,414341415,United States,2012-11-20,2012-11-20,2.0,,,,0,1.0,0
348069046,0,836612107,India,2017-06-26,2017-06-29,3.0,,,,0,29.0,0
492753713,0,622080237,United Kingdom,2016-11-15,2016-11-22,2.0,,,,1,2.0,39
544750105,1,579409172,Saudi Arabia,2015-04-02,2015-04-09,2.0,,12.0,3.0,0,41.0,26
670339933,0,379560696,Canada,2016-11-12,2016-11-26,2.0,,,,0,29.0,16
747161891,0,828355101,Brazil,2018-05-14,2018-05-18,1.0,,,,1,105.0,39
550191748,0,417943141,United States,2013-02-28,2013-02-28,,,,,0,29.0,17
737303157,1,941472364,United Kingdom,2016-01-22,2016-01-25,2.0,,21.0,2.0,0,133.0,16
268060203,1,251872517,Germany,2016-12-26,2017-01-01,2.0,,55.0,1.0,0,99.0,26
386101073,0,173214966,Bolivia,2016-08-15,2016-08-18,,,,,0,93.0,17
753659868,0,208842572,Italy,2012-12-28,2013-01-02,,,,,0,6.0,0
312680668,1,580356154,United States,2012-03-09,2012-03-20,1.0,,98.0,2.0,0,1.0,0
739846225,0,759652519,Japan,2014-05-09,2014-05-13,2.0,,,,0,1.0,8
359978952,1,472189822,United States,2014-03-07,2014-03-07,2.0,,11.0,2.0,0,1.0,8
914775215,1,845142639,Brazil,2016-09-23,2016-09-23,2.0,,56.0,2.0,0,93.0,26
890992798,1,254650793,Argentina,2015-04-01,2015-04-04,1.0,,55.0,2.0,1,89.0,39
325144236,1,959467380,Italy,2013-12-27,2014-01-04,2.0,,47.0,1.0,0,6.0,0
606695071,0,487998286,United States,2016-07-04,2016-07-08,2.0,,,,0,29.0,0
305074688,0,126549082,United States,2017-04-15,2017-04-15,2.0,1.0,,,0,1.0,0
718460168,0,63376304,France,2017-10-07,2017-10-21,2.0,,,,1,87.0,39
518383836,0,591304928,India,2016-11-21,2016-11-21,,,,,0,2.0,0
638559524,0,270102364,Italy,2015-04-12,2015-04-18,1.0,,,,0,77.0,17
525453505,1,86208470,United States,2010-10-18,2010-11-07,2.0,,15.0,2.0,0,1.0,0
843990834,0,311429690,India,2015-08-27,2015-08-28,14.0,,,,1,74.0,39
237165556,1,780513104,Egypt,2017-03-29,2017-03-31,1.0,,6.0,3.0,0,41.0,30
478449235,0,280514632,Spain,2016-12-23,2016-12-29,5.0,,,,0,90.0,8
686591798,0,297007086,United Kingdom,2013-10-30,2013-11-02,1.0,,,,0,29.0,17
719317467,1,820016101,United States,2013-05-27,2013-05-27,2.0,,90.0,2.0,0,1.0,8
219553391,0,90643974,Brazil,2016-03-01,2016-03-01,2.0,,,,0,105.0,17
670764523,0,687966649,France,2016-10-26,2016-10-31,2.0,,,,0,87.0,15
690888323,0,602524785,United States,2013-07-11,2013-07-11,1.0,,,,0,1.0,8
554287563,0,635152473,France,2011-10-05,2011-10-05,,,,,0,4.0,40
144190768,1,251892436,United Kingdom,2012-09-29,2012-09-29,2.0,,64.0,4.0,0,29.0,17
640958332,1,831592232,Italy,2016-10-19,2016-10-23,2.0,1.0,88.0,1.0,0,81.0,17
54506496,0,968651346,Italy,2014-12-27,2014-12-27,,,,,1,79.0,39
788103456,0,877024510,Brazil,2017-06-24,2017-06-27,3.0,,,,1,105.0,39
516149667,0,136420279,United States,2016-12-25,2017-01-05,2.0,,,,0,1.0,0
18657865,0,639034003,France,2017-03-25,2017-04-08,1.0,,,,0,87.0,17
878527990,1,523690262,United States,2015-12-05,2015-12-12,2.0,,39.0,2.0,0,1.0,0
162674027,1,256822004,United Kingdom,2012-10-30,2012-10-30,3.0,2.0,59.0,2.0,0,2.0,0
833009990,0,339244220,United States,2013-08-09,2013-08-11,10.0,,,,0,1.0,17
993541101,0,275755295,United States,2013-02-14,2013-02-14,2.0,,,,0,1.0,16
115687506,0,855078373,United States,2015-03-23,2015-03-30,2.0,,,,0,29.0,17
210160315,0,539637113,United States,2017-02-24,2017-03-04,2.0,,,,1,2.0,39
960020819,1,859558612,Egypt,2015-11-25,2015-12-31,1.0,,70.0,3.0,0,23.0,26
793647801,0,136483461,Andorra,2016-12-26,2016-12-26,,,,,0,1.0,0
563392161,0,865162450,United States,2016-09-22,2016-09-22,1.0,,,,1,89.0,39
875526562,0,759878003,Canada,2016-07-11,2016-07-18,2.0,,,,0,145.0,8
758585463,1,172940566,Belgium,2014-11-20,2014-11-20,2.0,,74.0,2.0,0,65.0,0
725451557,0,203700768,Spain,2017-03-01,2017-03-01,1.0,,,,1,99.0,39
946960760,0,963675297,Germany,2014-12-30,2014-12-30,,,,,0,65.0,17
60127762,1,704154062,Argentina,2014-03-04,2014-03-12,2.0,1.0,52.0,2.0,0,93.0,16
293897691,0,239299946,India,2015-07-18,2015-07-24,3.0,,,,1,74.0,39
403859951,0,873882085,United States,2018-01-07,2018-01-12,2.0,,,,0,1.0,17
648817439,0,935680380,New Zealand,2017-10-21,2017-10-22,2.0,,,,0,1.0,0
489682598,0,775899081,India,2015-10-17,2015-10-17,,,,,1,73.0,39
398440093,1,686130067,Germany,2015-07-17,2015-07-17,4.0,,69.0,1.0,0,1.0,0
888762505,1,969843939,United States,2016-10-29,2016-11-10,3.0,,77.0,2.0,1,2.0,39
566318775,0,442011394,Russia,2013-12-10,2013-12-11,2.0,,,,0,1.0,0
673205733,0,913719453,Brazil,2018-01-10,2018-01-20,3.0,2.0,,,0,101.0,0
461994889,1,247603667,United States,2017-10-18,2017-10-25,2.0,2.0,34.0,2.0,0,1.0,17
641608624,0,594931868,United States,2015-02-13,2015-02-20,2.0,,,,0,29.0,0
403108584,0,260151046,Brazil,2016-10-01,2016-10-31,,,,,0,105.0,167
943264836,1,689332268,Brazil,2012-12-22,2012-12-23,2.0,,12.0,2.0,0,2.0,0
932672738,0,709810958,United States,2016-12-21,2017-01-03,2.0,,,,0,1.0,0
236161401,0,116165647,Italy,2013-08-10,2013-08-10,,,,,1,6.0,39
825852524,0,44881245,United States,2018-05-10,2018-05-10,2.0,,,,0,29.0,0
432942382,0,707115176,Brazil,2015-01-03,2015-01-03,,,,,1,105.0,39
124870409,0,218068537,Colombia,2016-04-01,2016-04-01,2.0,,,,0,89.0,17
568026476,0,806559258,United States,2013-03-13,2013-03-20,,,,,0,1.0,0
428874095,0,366041198,United States,2016-07-11,2016-07-11,2.0,,,,0,1.0,8
605643537,1,80304785,United Kingdom,2013-11-11,2013-11-11,2.0,,29.0,2.0,0,9.0,16
985706918,0,158924860,Mexico,2017-12-03,2017-12-10,1.0,,,,1,93.0,39
734008021,1,45294123,Brazil,2017-06-23,2017-07-03,2.0,,8.0,2.0,0,105.0,8
102944834,0,794508129,Brazil,2013-12-25,2014-01-08,,,,,0,59.0,17
783472284,0,736619426,India,,,,,,,0,,0
658085795,1,744072751,United Kingdom,2011-12-17,2011-12-20,2.0,2.0,39.0,4.0,0,29.0,17
713024129,1,494360549,Philippines,2015-08-24,2015-09-02,1.0,,13.0,2.0,0,1.0,8
960156415,1,756305806,India,2017-03-11,2017-03-18,2.0,,54.0,2.0,1,1.0,39
826092094,0,75732954,Bolivia,2015-12-26,2015-12-26,5.0,,,,0,93.0,17
679844915,0,895979912,Australia,2017-09-30,2017-10-03,2.0,,,,1,2.0,39
428223799,1,103689136,Peru,2016-11-13,2016-11-19,2.0,,59.0,2.0,0,93.0,8
315535445,0,377084042,United States,2013-04-13,2013-04-13,2.0,,,,0,1.0,26
338387799,1,648340525,Australia,2017-11-26,2017-12-01,4.0,,69.0,2.0,0,74.0,15
929427754,0,112845149,Brazil,2017-12-01,2017-12-01,1.0,,,,1,103.0,39
41310952,0,984150458,United States,,,,,,,0,1.0,0
194732640,1,708893085,Australia,2012-09-14,2012-09-17,2.0,2.0,12.0,2.0,0,2.0,0
519698046,1,42919406,United States,2013-11-23,2013-11-25,1.0,,57.0,2.0,0,1.0,0
152691042,0,614839324,United States,,,,,,,0,66.0,17
264940968,1,254357988,United Kingdom,2010-05-22,2010-05-22,,,85.0,4.0,0,29.0,17
902978676,0,630760114,Australia,2016-10-01,2016-10-01,,,,,0,1.0,0
463797696,0,472948310,Cyprus,2017-12-30,2018-01-05,2.0,,,,0,1.0,17
339661291,0,853665252,United States,2017-09-18,2017-09-23,,,,,0,1.0,0
871931302,0,175743986,United States,2016-07-01,2016-07-01,,,,,0,29.0,0
58723001,0,995079150,Argentina,2016-09-08,2016-09-08,4.0,,,,0,93.0,15
891304071,0,309560294,United States,2012-10-07,2012-10-07,1.0,1.0,,,0,29.0,17
218773182,1,177439607,Egypt,2015-12-29,2016-01-01,2.0,,53.0,3.0,0,57.0,40
538738822,0,571971372,Brazil,2013-11-01,2013-11-01,,,,,0,59.0,17
91815848,0,682859437,Spain,2017-12-29,2018-01-04,8.0,1.0,,,0,89.0,17
255458445,0,207753363,Italy,2015-11-13,2015-11-20,2.0,,,,1,81.0,39
555110038,1,721687382,Ireland,2013-04-28,2013-05-01,2.0,,43.0,4.0,0,1.0,0
974112033,0,226506217,United States,2015-06-01,2015-06-14,,,,,0,1.0,8
202630867,0,872603204,Germany,2014-05-01,2014-05-01,,,,,0,99.0,17
882806619,0,914774812,Italy,2017-08-12,2017-08-21,2.0,,,,0,80.0,17
346827874,0,950888992,France,2016-04-18,2016-04-22,2.0,,,,1,87.0,39
289736710,0,477673778,Germany,2017-10-26,2017-10-31,2.0,,,,0,99.0,17
437862089,0,650437817,Brazil,2017-05-25,2017-05-28,2.0,,,,1,105.0,39
436123370,0,513306892,Germany,2017-04-08,2017-04-22,2.0,3.0,,,0,99.0,0
724286730,0,385031852,Colombia,2017-01-01,2017-01-01,,,,,0,93.0,17
100144882,1,261935882,United States,2017-05-08,2017-05-11,12.0,,58.0,2.0,0,1.0,0
822727996,0,648109475,Philippines,2017-05-06,2017-05-10,2.0,,,,0,56.0,0
808333311,0,647289503,Bolivia,2013-10-02,2013-10-02,,,,,0,5.0,16
529579479,0,522712857,Australia,2017-04-12,2017-04-19,2.0,,,,1,73.0,39
786955535,0,655461762,United States,2016-11-11,2016-11-15,2.0,,,,0,65.0,8
789489892,0,670476103,Kuwait,2014-08-31,2014-08-31,1.0,,,,0,127.0,0
250379353,1,795677004,United States,2017-08-22,2017-08-24,1.0,,52.0,2.0,0,2.0,17
685971981,1,345900760,Argentina,2015-08-07,2015-08-07,1.0,,86.0,2.0,0,89.0,17
55486181,0,708007260,South Africa,2015-05-13,2015-05-17,1.0,,,,0,1.0,0
584015165,0,375534166,Dominica,2015-06-01,2015-06-10,1.0,,,,0,90.0,17
405052131,1,455519811,India,2015-12-11,2015-12-13,1.0,,22.0,4.0,0,1.0,17
807378836,0,619812928,Australia,2012-08-23,2012-08-23,,,,,0,29.0,17
167142709,1,724777659,United Kingdom,2017-09-15,2017-09-25,1.0,,23.0,2.0,0,133.0,8
755793106,1,33246416,United States,2014-05-02,2014-05-10,2.0,,87.0,2.0,0,65.0,0
520102807,1,769430256,United Kingdom,2012-04-16,2012-04-21,2.0,,12.0,2.0,0,41.0,26
807873149,0,413276658,United States,2018-10-06,2018-10-06,2.0,,,,0,29.0,0
876447691,0,429656690,Lebanon,2015-09-25,2015-09-30,1.0,,,,0,1.0,0
400884710,0,127154838,Germany,2014-08-14,2014-08-14,,,,,0,99.0,15
743177293,0,886092898,United States,2016-04-27,2016-05-01,2.0,,,,0,1.0,0
998813713,0,764879604,United Kingdom,2014-08-08,2014-08-11,1.0,,,,0,1.0,0
266761026,0,137570168,Argentina,2016-06-26,2016-06-26,1.0,,,,0,90.0,17
799999820,0,850017914,Belgium,2010-08-03,2010-08-15,,,,,0,4.0,8
806081748,0,104109479,United States,2017-03-12,2017-03-12,2.0,,,,0,1.0,8
688826609,1,670490064,Yemen,2013-09-13,2013-09-20,4.0,,66.0,3.0,0,41.0,26
593922846,0,456814584,India,2015-05-06,2015-05-06,2.0,,,,0,1.0,0
877778674,0,901313261,Australia,2016-09-08,2016-09-14,1.0,,,,0,74.0,17
20014624,0,204029532,Brazil,2012-11-15,2012-11-25,2.0,,,,0,29.0,17
316621327,0,559582439,United States,2016-12-17,2016-12-17,,,,,0,29.0,0
831404035,0,812085210,United States,2018-01-27,2018-02-05,2.0,,,,0,29.0,0
325534350,1,512270395,United States,2014-01-27,2014-01-31,4.0,1.0,76.0,2.0,0,1.0,8
370876920,1,994383076,United States,2012-11-17,2012-11-28,5.0,,16.0,2.0,0,29.0,17
342781357,0,847089592,United States,2012-11-27,2012-11-27,2.0,,,,0,1.0,8
661446632,1,376822234,France,2017-08-15,2017-08-30,3.0,3.0,71.0,1.0,0,155.0,141
703706861,0,807974610,Brazil,2014-08-27,2014-08-27,,,,,1,105.0,39
905372573,0,721060797,Australia,2016-12-08,2016-12-10,5.0,,,,0,65.0,0
783139341,1,812669935,United Kingdom,2012-08-04,2012-08-05,3.0,,10.0,4.0,0,2.0,0
777870253,0,860874750,Brazil,2017-05-09,2017-05-24,2.0,,,,0,105.0,8
561918589,1,383993113,United Kingdom,2014-12-21,2014-12-22,3.0,1.0,99.0,4.0,0,1.0,0
313316467,0,838264487,Mexico,2016-07-09,2016-07-17,3.0,1.0,,,0,93.0,17
564670020,0,723492963,United States,2014-11-17,2014-11-17,,,,,0,1.0,0
257045207,1,732463818,United States,2015-01-23,2015-01-23,1.0,,60.0,2.0,0,1.0,15
639304237,0,82644859,Argentina,2016-02-26,2016-02-26,3.0,,,,0,5.0,0
24529801,0,574116055,Singapore,2015-08-02,2015-08-10,,,,,1,1.0,39
881708364,1,578500284,India,2014-10-11,2014-10-15,1.0,,16.0,2.0,0,41.0,30
528066009,0,273981826,Brazil,2015-02-17,2015-02-25,4.0,,,,1,105.0,39
93580659,0,101191725,United States,2018-05-21,2018-05-31,2.0,,,,1,215.0,39
262198435,0,893978316,Italy,,,,,,,0,,0
552072447,1,231365832,United States,2012-06-09,2012-06-16,2.0,1.0,51.0,2.0,0,2.0,0
627930760,0,872646220,France,2017-12-30,2018-01-06,2.0,2.0,,,1,87.0,39
777053986,1,91493509,United States,2012-11-07,2012-11-07,2.0,,47.0,2.0,0,1.0,8
604969392,1,5521959,Chile,2011-09-28,2011-10-02,2.0,,64.0,2.0,0,23.0,8
157542708,0,111750535,Egypt,2014-12-29,2015-01-02,3.0,1.0,,,0,1.0,0
991567790,0,997900946,Egypt,2012-10-24,2012-10-29,,,,,0,1.0,0
63203185,0,346314781,Salvadora,2016-06-04,2016-06-06,1.0,,,,0,74.0,0
479230836,0,57178465,United States,2013-12-08,2013-12-08,1.0,,,,0,1.0,0
52763548,0,88143300,Russia,2014-01-15,2014-01-29,15.0,,,,0,1.0,0
475521025,0,154701834,United States,2017-07-03,2017-07-03,2.0,,,,0,73.0,17
132525113,0,584989457,Portugal,2016-04-04,2016-04-04,1.0,,,,0,101.0,17
627224101,0,616914086,United States,2013-04-30,2013-04-30,,,,,0,1.0,8
29898997,0,930065740,Denmark,2018-03-26,2018-03-26,10.0,,,,0,1.0,0
202241319,1,380182450,Italy,2014-07-04,2014-07-13,2.0,,8.0,1.0,0,81.0,8
53479443,0,322312559,Egypt,2014-08-23,2014-08-23,1.0,,,,0,127.0,0
199600371,1,598056958,Australia,2017-12-09,2017-12-24,4.0,,77.0,2.0,0,74.0,16
991671858,1,316756282,United Kingdom,2016-09-17,2016-09-17,4.0,,60.0,4.0,0,65.0,17
96613873,1,356664668,United States,2014-09-12,2014-09-12,2.0,,36.0,2.0,0,1.0,17
528393467,1,116746577,India,2015-05-21,2015-05-22,2.0,,71.0,2.0,0,2.0,8
559929630,1,599494296,United States,2017-12-16,2017-12-30,2.0,,29.0,2.0,0,29.0,0
656394642,1,25437316,Argentina,2017-01-12,2017-01-16,2.0,,68.0,2.0,0,93.0,8
824915186,0,195299372,Germany,2012-02-20,2012-02-20,,,,,0,7.0,17
701142309,0,220421590,Argentina,2015-05-07,2015-05-07,,,,,0,93.0,17
605182176,1,931407112,Denmark,2017-12-26,2018-01-02,2.0,,36.0,2.0,0,133.0,8
261926472,1,665933940,Philippines,2017-04-15,2017-04-23,1.0,,28.0,2.0,0,66.0,17
933461410,1,347528242,Italy,2016-01-08,2016-01-08,2.0,,39.0,1.0,0,77.0,17
379165056,0,121463576,United Kingdom,2012-12-12,2012-12-12,,,,,0,1.0,0
549175524,1,424767831,Australia,2016-11-13,2016-11-29,2.0,,36.0,2.0,0,1.0,0
171767489,0,832185246,France,2016-06-11,2016-06-11,5.0,,,,0,1.0,0
669697539,0,454152742,United States,2017-12-25,2018-01-01,2.0,,,,0,89.0,17
823189298,0,220724126,Algeria,,,,,,,0,,0
513898316,1,914879649,United Kingdom,2015-09-09,2015-09-15,2.0,,9.0,4.0,1,1.0,39
356081129,0,24601632,United States,2016-08-12,2016-08-19,2.0,,,,0,29.0,0
394218193,0,497860158,Spain,2015-02-14,2015-02-14,,,,,0,93.0,17
366798269,0,97597357,India,2014-10-19,2014-10-19,,,,,0,1.0,0
217265867,0,836974202,France,2016-09-15,2016-09-15,,,,,0,4.0,0
833169564,0,984401049,Argentina,2016-05-14,2016-05-21,2.0,,,,0,93.0,8
6708604,0,574396096,Bangladesh,2018-03-07,2018-03-13,2.0,,,,0,2.0,17
453794529,1,905468885,United States,2012-11-10,2012-11-17,3.0,1.0,3.0,2.0,0,1.0,0
40996362,0,845366262,United States,2014-06-21,2014-06-21,2.0,,,,0,1.0,0
919262873,1,385855286,Uruguay,2013-06-01,2013-06-11,4.0,,31.0,2.0,0,5.0,17
717743352,0,157718206,United States,2014-05-06,2014-05-07,2.0,,,,1,74.0,39
767894879,0,168370956,Australia,2017-10-09,2017-10-09,2.0,,,,0,1.0,17
729442437,0,714888094,Japan,2013-01-01,2013-01-10,1.0,,,,0,1.0,0
832458584,0,684511261,United States,2015-07-01,2015-07-01,2.0,,,,0,1.0,8
5943981,1,821536511,Germany,2012-04-09,2012-04-09,8.0,,56.0,1.0,0,7.0,0
14048210,0,375379160,United States,2018-08-24,2018-09-02,2.0,,,,0,29.0,0
464483484,0,531056320,Swaziland,2012-09-24,2012-10-01,2.0,,,,0,7.0,0
424317872,0,665812644,Canada,2016-09-15,2016-09-18,2.0,,,,1,69.0,39
906940229,0,107138941,Germany,2015-04-20,2015-04-25,,,,,0,99.0,17
379516589,0,694433742,Mexico,2013-07-20,2013-07-20,,,,,0,5.0,0
318596885,1,348415665,United States,2017-07-14,2017-07-23,1.0,,20.0,2.0,1,1.0,39
103561764,0,754706979,United States,2016-03-01,2016-03-01,2.0,,,,0,74.0,8
185212020,0,872178136,Italy,2015-08-08,2015-08-15,2.0,,,,0,82.0,17
569063309,1,819181499,Canada,2016-09-21,2016-10-05,2.0,,81.0,2.0,0,1.0,15
253333949,0,51442166,United Kingdom,2016-12-21,2017-01-02,3.0,1.0,,,1,2.0,39
395732801,0,542945692,Spain,2013-10-06,2013-10-06,1.0,,,,0,1.0,0
602997080,1,966637062,South Korea,2013-08-24,2013-08-25,3.0,1.0,20.0,2.0,0,1.0,0
726327109,0,22875539,Italy,2015-11-22,2015-11-29,4.0,,,,0,77.0,17
686151741,0,898167568,Brazil,2014-03-01,2014-03-01,6.0,,,,0,101.0,17
640204960,0,688068231,Australia,2015-10-01,2015-10-01,2.0,,62.0,2.0,0,1.0,17
806056003,0,681492663,United Kingdom,,,,,,,0,12.0,0
202941145,0,770423961,United States,2016-08-17,2016-08-17,2.0,,,,0,29.0,0
394139771,0,826949257,Singapore,2017-02-20,2017-02-20,6.0,,,,0,1.0,0
589048918,1,56165192,Egypt,2015-03-20,2015-03-27,1.0,,39.0,3.0,0,41.0,26
228302748,1,321374460,China,2016-05-09,2016-05-12,2.0,,85.0,2.0,0,1.0,0
158275621,0,859255628,Colombia,2017-10-15,2017-10-24,1.0,,,,1,90.0,39
272763720,0,815491597,Spain,2015-08-05,2015-08-05,,,,,1,65.0,39
850135742,1,541298045,Argentina,2014-12-25,2014-12-29,2.0,,61.0,2.0,0,93.0,17
672766086,0,517033931,United Kingdom,2013-02-13,2013-02-13,2.0,3.0,,,0,29.0,8
493853793,1,131295787,Brazil,2017-01-10,2017-01-17,4.0,,49.0,2.0,0,105.0,17
158696795,0,291096162,United States,2012-12-01,2012-12-01,,,,,0,29.0,17
710796820,1,929845364,South Africa,2017-01-16,2017-01-26,7.0,,31.0,2.0,0,133.0,8
694301571,0,294285169,Sudan,2017-03-31,2017-03-31,1.0,1.0,,,0,199.0,17
197146509,0,144042061,Syria,,,,,,,0,161.0,0
273385085,1,989898997,United States,2012-12-27,2012-12-27,2.0,,25.0,2.0,0,1.0,17
659565085,1,355005935,Australia,2016-10-10,2016-10-10,2.0,,26.0,2.0,0,74.0,8
464172396,1,71789597,United States,2013-11-25,2013-12-02,2.0,,45.0,2.0,0,1.0,0
21934015,0,411335388,Italy,,,,,,,0,,0
340464093,0,943909138,Brazil,2017-10-05,2017-10-15,2.0,,,,1,102.0,39
683735312,0,127621519,United States,2015-10-06,2015-10-13,1.0,,,,0,29.0,0
901174548,0,657970532,Italy,2014-04-25,2014-04-25,,,,,1,81.0,39
684533858,0,374256738,United States,2016-12-24,2016-12-31,2.0,2.0,,,1,2.0,39
841668559,1,789834891,United States,2010-12-22,2010-12-31,2.0,,33.0,2.0,0,1.0,0
557779751,0,466114371,Canada,2017-01-12,2017-01-19,2.0,,,,0,1.0,8
980164022,1,766478733,Germany,2010-10-18,2010-10-19,2.0,,21.0,1.0,0,37.0,16
687437995,0,194386259,Brazil,2018-03-03,2018-03-03,2.0,,,,0,105.0,8
500852896,0,375233456,Egypt,2017-09-06,2017-09-06,,,,,0,57.0,40
483100246,1,518965972,Singapore,2016-12-10,2016-12-13,2.0,2.0,11.0,2.0,0,1.0,0
363412501,1,630768730,Italy,2017-03-25,2017-03-29,2.0,,32.0,1.0,0,77.0,8
238389609,0,268037173,Canada,2017-01-02,2017-01-04,2.0,2.0,,,1,65.0,39
744347986,1,219665411,Ecuador,2017-06-05,2017-06-08,7.0,,13.0,2.0,0,93.0,26
201039454,0,411882044,Australia,2017-09-26,2017-10-04,2.0,,,,1,73.0,39
884259472,0,904279864,United Kingdom,2018-01-30,2018-01-30,2.0,,,,1,2.0,39
950389329,0,529685726,Italy,2013-12-30,2013-12-30,,,,,0,6.0,0
480740929,0,641635201,Canada,2015-10-16,2015-10-20,1.0,,,,0,1.0,0
860471723,1,169274149,Canada,2017-12-22,2017-12-31,4.0,,68.0,2.0,0,1.0,17
824658536,0,698028127,Australia,2015-04-23,2015-04-23,,,,,0,74.0,17
